[2026-09-28 22:29:40] WATCHDOG start pid=11408 interval=60s
[2026-09-28 22:29:54] WATCHDOG start pid=12188 interval=60s
[2026-09-28 22:33:23] WATCHDOG start pid=12188 interval=60s
[2026-09-28 22:38:51] WATCHDOG start pid=12188 interval=60s
[2026-09-28 22:39:51] pid=12188 ACTIVE cpu=570.2s(+570.2s) ws=81MB hb={"stage": "build_arb_tau:start", "ts": "2026-09-28 22:29:46", "age_s": 605.2}
[2026-09-28 22:40:51] pid=12188 ACTIVE cpu=625.1s(+54.9s) ws=74MB hb={"stage": "build_arb_tau:start", "ts": "2026-09-28 22:29:46", "age_s": 665.3}
[2026-09-28 22:41:51] pid=12188 ACTIVE cpu=673.7s(+48.6s) ws=67MB hb={"stage": "build_arb_tau:start", "ts": "2026-09-28 22:29:46", "age_s": 725.3}
[2026-09-28 22:42:51] pid=12188 ACTIVE cpu=726.0s(+52.4s) ws=61MB hb={"stage": "build_arb_tau:start", "ts": "2026-09-28 22:29:46", "age_s": 785.3}
[2026-09-28 22:43:51] pid=12188 ACTIVE cpu=781.7s(+55.6s) ws=68MB hb={"stage": "build_arb_tau:start", "ts": "2026-09-28 22:29:46", "age_s": 845.3}
[2026-09-28 22:44:51] pid=12188 ACTIVE cpu=836.0s(+54.4s) ws=74MB hb={"stage": "build_arb_tau:start", "ts": "2026-09-28 22:29:46", "age_s": 905.3}
[2026-09-28 22:45:51] pid=12188 ACTIVE cpu=892.4s(+56.3s) ws=81MB hb={"stage": "build_arb_tau:start", "ts": "2026-09-28 22:29:46", "age_s": 965.3}
[2026-09-28 22:46:51] pid=12188 ACTIVE cpu=952.2s(+59.8s) ws=89MB hb={"stage": "build_arb_tau:start", "ts": "2026-09-28 22:29:46", "age_s": 1025.3}
[2026-09-28 22:47:51] pid=12188 ACTIVE cpu=1011.7s(+59.5s) ws=92MB hb={"stage": "build_arb_tau:start", "ts": "2026-09-28 22:29:46", "age_s": 1085.3}
[2026-09-28 22:48:51] pid=12188 ACTIVE cpu=1070.6s(+59.0s) ws=89MB hb={"stage": "build_arb_tau:start", "ts": "2026-09-28 22:29:46", "age_s": 1145.3}
[2026-09-28 22:49:51] pid=12188 ACTIVE cpu=1129.0s(+58.3s) ws=85MB hb={"stage": "build_arb_tau:start", "ts": "2026-09-28 22:29:46", "age_s": 1205.3}
[2026-09-28 22:50:51] pid=12188 ACTIVE cpu=1187.5s(+58.5s) ws=78MB hb={"stage": "build_arb_tau:start", "ts": "2026-09-28 22:29:46", "age_s": 1265.3}
[2026-09-28 22:51:51] pid=12188 ACTIVE cpu=1245.9s(+58.5s) ws=71MB hb={"stage": "build_arb_tau:start", "ts": "2026-09-28 22:29:46", "age_s": 1325.3}
[2026-09-28 22:52:51] pid=12188 ACTIVE cpu=1300.7s(+54.7s) ws=66MB hb={"stage": "build_arb_tau:start", "ts": "2026-09-28 22:29:46", "age_s": 1385.3}
[2026-09-28 22:53:51] pid=12188 ACTIVE cpu=1358.1s(+57.5s) ws=61MB hb={"stage": "build_arb_tau:start", "ts": "2026-09-28 22:29:46", "age_s": 1445.3}
[2026-09-28 22:54:51] pid=12188 ACTIVE cpu=1416.6s(+58.5s) ws=63MB hb={"stage": "build_arb_tau:start", "ts": "2026-09-28 22:29:46", "age_s": 1505.3}
[2026-09-28 22:55:51] pid=12188 ACTIVE cpu=1475.2s(+58.6s) ws=70MB hb={"stage": "build_arb_tau:start", "ts": "2026-09-28 22:29:46", "age_s": 1565.3}
[2026-09-28 22:56:51] pid=12188 ACTIVE cpu=1530.7s(+55.5s) ws=77MB hb={"stage": "build_arb_tau:start", "ts": "2026-09-28 22:29:46", "age_s": 1625.3}
[2026-09-28 22:57:51] pid=12188 ACTIVE cpu=1589.5s(+58.8s) ws=84MB hb={"stage": "build_arb_tau:start", "ts": "2026-09-28 22:29:46", "age_s": 1685.3}
[2026-09-28 22:58:51] pid=12188 ACTIVE cpu=1647.8s(+58.3s) ws=91MB hb={"stage": "build_arb_tau:start", "ts": "2026-09-28 22:29:46", "age_s": 1745.3}
[2026-09-28 22:59:51] pid=12188 ACTIVE cpu=1707.1s(+59.2s) ws=99MB hb={"stage": "build_arb_tau:start", "ts": "2026-09-28 22:29:46", "age_s": 1805.3}
[2026-09-28 23:00:51] pid=12188 ACTIVE cpu=1763.8s(+56.8s) ws=104MB hb={"stage": "build_arb_tau:start", "ts": "2026-09-28 22:29:46", "age_s": 1865.3}
[2026-09-28 23:01:51] pid=12188 ACTIVE cpu=1821.5s(+57.7s) ws=97MB hb={"stage": "build_arb_tau:start", "ts": "2026-09-28 22:29:46", "age_s": 1925.3}
[2026-09-28 23:02:51] pid=12188 ACTIVE cpu=1881.5s(+60.0s) ws=89MB hb={"stage": "build_arb_tau:start", "ts": "2026-09-28 22:29:46", "age_s": 1985.3}
[2026-09-28 23:03:51] pid=12188 ACTIVE cpu=1941.5s(+60.0s) ws=82MB hb={"stage": "build_arb_tau:start", "ts": "2026-09-28 22:29:46", "age_s": 2045.3}
[2026-09-28 23:04:51] pid=12188 ACTIVE cpu=2001.5s(+60.0s) ws=77MB hb={"stage": "build_arb_tau:start", "ts": "2026-09-28 22:29:46", "age_s": 2105.3}
[2026-09-28 23:05:51] pid=12188 ACTIVE cpu=2061.2s(+59.7s) ws=72MB hb={"stage": "build_arb_tau:start", "ts": "2026-09-28 22:29:46", "age_s": 2165.3}
[2026-09-28 23:06:51] pid=12188 ACTIVE cpu=2121.0s(+59.9s) ws=64MB hb={"stage": "build_arb_tau:start", "ts": "2026-09-28 22:29:46", "age_s": 2225.3}
[2026-09-28 23:07:51] pid=12188 ACTIVE cpu=2180.3s(+59.3s) ws=72MB hb={"stage": "build_arb_tau:start", "ts": "2026-09-28 22:29:46", "age_s": 2285.3}
[2026-09-28 23:08:51] pid=12188 ACTIVE cpu=2240.2s(+59.9s) ws=72MB hb={"stage": "build_arb_tau:start", "ts": "2026-09-28 22:29:46", "age_s": 2345.3}
[2026-09-28 23:09:51] pid=12188 ACTIVE cpu=2300.1s(+60.0s) ws=45MB hb={"stage": "build_arb_tau:start", "ts": "2026-09-28 22:29:46", "age_s": 2405.3}
[2026-09-28 23:10:51] pid=12188 ACTIVE cpu=2360.1s(+60.0s) ws=31MB hb={"stage": "build_arb_tau:start", "ts": "2026-09-28 22:29:46", "age_s": 2465.3}
[2026-09-28 23:11:51] pid=12188 ACTIVE cpu=2420.0s(+59.9s) ws=38MB hb={"stage": "build_arb_tau:start", "ts": "2026-09-28 22:29:46", "age_s": 2525.3}
[2026-09-28 23:12:51] pid=12188 ACTIVE cpu=2480.0s(+60.0s) ws=45MB hb={"stage": "build_arb_tau:start", "ts": "2026-09-28 22:29:46", "age_s": 2585.3}
[2026-09-28 23:13:51] pid=12188 ACTIVE cpu=2540.0s(+60.0s) ws=33MB hb={"stage": "build_arb_tau:start", "ts": "2026-09-28 22:29:46", "age_s": 2645.3}
[2026-09-28 23:14:51] pid=12188 ACTIVE cpu=2599.9s(+59.9s) ws=28MB hb={"stage": "build_arb_tau:start", "ts": "2026-09-28 22:29:46", "age_s": 2705.3}
[2026-09-28 23:15:51] pid=12188 ACTIVE cpu=2659.9s(+60.0s) ws=37MB hb={"stage": "build_arb_tau:start", "ts": "2026-09-28 22:29:46", "age_s": 2765.3}
[2026-09-28 23:16:51] pid=12188 ACTIVE cpu=2719.7s(+59.8s) ws=39MB hb={"stage": "build_arb_tau:start", "ts": "2026-09-28 22:29:46", "age_s": 2825.3}
[2026-09-28 23:17:51] pid=12188 ACTIVE cpu=2779.5s(+59.8s) ws=29MB hb={"stage": "build_arb_tau:start", "ts": "2026-09-28 22:29:46", "age_s": 2885.3}
[2026-09-28 23:18:51] pid=12188 ACTIVE cpu=2839.4s(+59.9s) ws=32MB hb={"stage": "build_arb_tau:start", "ts": "2026-09-28 22:29:46", "age_s": 2945.3}
[2026-09-28 23:19:51] pid=12188 ACTIVE cpu=2899.3s(+60.0s) ws=41MB hb={"stage": "build_arb_tau:start", "ts": "2026-09-28 22:29:46", "age_s": 3005.3}
[2026-09-28 23:20:51] pid=12188 ACTIVE cpu=2959.3s(+60.0s) ws=34MB hb={"stage": "build_arb_tau:start", "ts": "2026-09-28 22:29:46", "age_s": 3065.3}
[2026-09-28 23:21:51] pid=12188 ACTIVE cpu=3019.2s(+59.9s) ws=27MB hb={"stage": "build_arb_tau:start", "ts": "2026-09-28 22:29:46", "age_s": 3125.3}
[2026-09-28 23:22:51] pid=12188 ACTIVE cpu=3079.2s(+60.0s) ws=35MB hb={"stage": "build_arb_tau:start", "ts": "2026-09-28 22:29:46", "age_s": 3185.3}
[2026-09-28 23:23:51] pid=12188 ACTIVE cpu=3139.1s(+60.0s) ws=43MB hb={"stage": "build_arb_tau:start", "ts": "2026-09-28 22:29:46", "age_s": 3245.3}
[2026-09-28 23:24:51] pid=12188 ACTIVE cpu=3199.1s(+60.0s) ws=31MB hb={"stage": "build_arb_tau:start", "ts": "2026-09-28 22:29:46", "age_s": 3305.3}
[2026-09-28 23:25:51] pid=12188 ACTIVE cpu=3259.1s(+60.0s) ws=29MB hb={"stage": "build_arb_tau:start", "ts": "2026-09-28 22:29:46", "age_s": 3365.3}
[2026-09-28 23:26:51] pid=12188 ACTIVE cpu=3319.0s(+59.9s) ws=38MB hb={"stage": "build_arb_tau:start", "ts": "2026-09-28 22:29:46", "age_s": 3425.3}
[2026-09-28 23:27:51] pid=12188 ACTIVE cpu=3379.0s(+59.9s) ws=42MB hb={"stage": "build_arb_tau:start", "ts": "2026-09-28 22:29:46", "age_s": 3485.3}
[2026-09-28 23:28:51] pid=12188 ACTIVE cpu=3439.0s(+60.0s) ws=29MB hb={"stage": "build_arb_tau:start", "ts": "2026-09-28 22:29:46", "age_s": 3545.3}
[2026-09-28 23:29:51] pid=12188 ACTIVE cpu=3499.0s(+60.0s) ws=33MB hb={"stage": "build_arb_tau:start", "ts": "2026-09-28 22:29:46", "age_s": 3605.3}
[2026-09-28 23:30:51] pid=12188 ACTIVE cpu=3558.9s(+60.0s) ws=41MB hb={"stage": "build_arb_tau:start", "ts": "2026-09-28 22:29:46", "age_s": 3665.3}
[2026-09-28 23:31:51] pid=12188 ACTIVE cpu=3618.8s(+59.9s) ws=31MB hb={"stage": "build_arb_tau:start", "ts": "2026-09-28 22:29:46", "age_s": 3725.3}
[2026-09-28 23:32:51] pid=12188 ACTIVE cpu=3678.7s(+59.9s) ws=28MB hb={"stage": "build_arb_tau:start", "ts": "2026-09-28 22:29:46", "age_s": 3785.3}
[2026-09-28 23:33:51] pid=12188 ACTIVE cpu=3738.7s(+60.0s) ws=37MB hb={"stage": "build_arb_tau:start", "ts": "2026-09-28 22:29:46", "age_s": 3845.3}
[2026-09-28 23:34:51] pid=12188 ACTIVE cpu=3798.6s(+59.9s) ws=39MB hb={"stage": "build_arb_tau:start", "ts": "2026-09-28 22:29:46", "age_s": 3905.3}
[2026-09-28 23:35:51] pid=12188 ACTIVE cpu=3858.5s(+59.9s) ws=28MB hb={"stage": "build_arb_tau:start", "ts": "2026-09-28 22:29:46", "age_s": 3965.3}
[2026-09-28 23:36:51] pid=12188 ACTIVE cpu=3918.4s(+59.9s) ws=31MB hb={"stage": "build_arb_tau:start", "ts": "2026-09-28 22:29:46", "age_s": 4025.3}
[2026-09-28 23:37:51] pid=12188 ACTIVE cpu=3977.8s(+59.4s) ws=40MB hb={"stage": "build_arb_tau:start", "ts": "2026-09-28 22:29:46", "age_s": 4085.3}
[2026-09-28 23:38:51] pid=12188 ACTIVE cpu=4037.7s(+60.0s) ws=35MB hb={"stage": "build_arb_tau:start", "ts": "2026-09-28 22:29:46", "age_s": 4145.3}
[2026-09-28 23:39:51] pid=12188 ACTIVE cpu=4097.7s(+60.0s) ws=26MB hb={"stage": "build_arb_tau:start", "ts": "2026-09-28 22:29:46", "age_s": 4205.3}
[2026-09-28 23:40:51] pid=12188 ACTIVE cpu=4151.7s(+54.0s) ws=33MB hb={"stage": "build_arb_tau:start", "ts": "2026-09-28 22:29:46", "age_s": 4265.3}
[2026-09-28 23:41:51] pid=12188 ACTIVE cpu=4210.2s(+58.6s) ws=41MB hb={"stage": "build_arb_tau:start", "ts": "2026-09-28 22:29:46", "age_s": 4325.3}
[2026-09-28 23:42:51] pid=12188 ACTIVE cpu=4269.8s(+59.5s) ws=49MB hb={"stage": "build_arb_tau:start", "ts": "2026-09-28 22:29:46", "age_s": 4385.3}
[2026-09-28 23:43:51] pid=12188 ACTIVE cpu=4327.8s(+58.0s) ws=57MB hb={"stage": "build_arb_tau:start", "ts": "2026-09-28 22:29:46", "age_s": 4445.3}
[2026-09-28 23:44:51] pid=12188 ACTIVE cpu=4378.6s(+50.8s) ws=63MB hb={"stage": "build_arb_tau:start", "ts": "2026-09-28 22:29:46", "age_s": 4505.3}
[2026-09-28 23:45:51] pid=12188 ACTIVE cpu=4429.9s(+51.3s) ws=65MB hb={"stage": "build_arb_tau:start", "ts": "2026-09-28 22:29:46", "age_s": 4565.3}
[2026-09-28 23:46:51] pid=12188 ACTIVE cpu=4484.7s(+54.8s) ws=60MB hb={"stage": "build_arb_tau:start", "ts": "2026-09-28 22:29:46", "age_s": 4625.3}
[2026-09-28 23:47:51] pid=12188 ACTIVE cpu=4537.8s(+53.1s) ws=56MB hb={"stage": "build_arb_tau:start", "ts": "2026-09-28 22:29:46", "age_s": 4685.3}
[2026-09-28 23:48:51] pid=12188 ACTIVE cpu=4593.4s(+55.5s) ws=53MB hb={"stage": "build_arb_tau:start", "ts": "2026-09-28 22:29:46", "age_s": 4745.3}
[2026-09-28 23:49:51] pid=12188 ACTIVE cpu=4646.1s(+52.7s) ws=50MB hb={"stage": "build_arb_tau:start", "ts": "2026-09-28 22:29:46", "age_s": 4805.3}
[2026-09-28 23:50:51] pid=12188 ACTIVE cpu=4702.8s(+56.6s) ws=50MB hb={"stage": "build_arb_tau:start", "ts": "2026-09-28 22:29:46", "age_s": 4865.3}
[2026-09-28 23:51:51] pid=12188 ACTIVE cpu=4755.0s(+52.2s) ws=55MB hb={"stage": "build_arb_tau:start", "ts": "2026-09-28 22:29:46", "age_s": 4925.3}
[2026-09-28 23:52:51] pid=12188 ACTIVE cpu=4810.5s(+55.5s) ws=62MB hb={"stage": "build_arb_tau:start", "ts": "2026-09-28 22:29:46", "age_s": 4985.3}
[2026-09-28 23:53:51] pid=12188 ACTIVE cpu=4865.5s(+55.0s) ws=70MB hb={"stage": "build_arb_tau:start", "ts": "2026-09-28 22:29:46", "age_s": 5045.4}
[2026-09-28 23:54:51] pid=12188 ACTIVE cpu=4919.5s(+54.0s) ws=76MB hb={"stage": "build_arb_tau:start", "ts": "2026-09-28 22:29:46", "age_s": 5105.4}
[2026-09-28 23:55:51] pid=12188 ACTIVE cpu=4972.3s(+52.8s) ws=82MB hb={"stage": "build_arb_tau:start", "ts": "2026-09-28 22:29:46", "age_s": 5165.4}
[2026-09-28 23:56:51] pid=12188 ACTIVE cpu=5024.9s(+52.6s) ws=88MB hb={"stage": "build_arb_tau:start", "ts": "2026-09-28 22:29:46", "age_s": 5225.4}
[2026-09-28 23:57:51] pid=12188 ACTIVE cpu=5077.0s(+52.0s) ws=86MB hb={"stage": "build_arb_tau:start", "ts": "2026-09-28 22:29:46", "age_s": 5285.4}
[2026-09-28 23:58:51] pid=12188 ACTIVE cpu=5133.1s(+56.1s) ws=78MB hb={"stage": "build_arb_tau:start", "ts": "2026-09-28 22:29:46", "age_s": 5345.4}
[2026-09-28 23:59:51] pid=12188 ACTIVE cpu=5188.6s(+55.5s) ws=71MB hb={"stage": "build_arb_tau:start", "ts": "2026-09-28 22:29:46", "age_s": 5405.4}
[2026-09-29 00:00:51] pid=12188 ACTIVE cpu=5240.1s(+51.5s) ws=65MB hb={"stage": "build_arb_tau:start", "ts": "2026-09-28 22:29:46", "age_s": 5465.4}
[2026-09-29 00:01:51] pid=12188 ACTIVE cpu=5284.5s(+44.4s) ws=58MB hb={"stage": "build_arb_tau:start", "ts": "2026-09-28 22:29:46", "age_s": 5525.4}
[2026-09-29 00:02:51] pid=12188 ACTIVE cpu=5342.6s(+58.2s) ws=56MB hb={"stage": "build_arb_tau:start", "ts": "2026-09-28 22:29:46", "age_s": 5585.4}
[2026-09-29 00:03:51] pid=12188 ACTIVE cpu=5401.1s(+58.5s) ws=56MB hb={"stage": "build_arb_tau:start", "ts": "2026-09-28 22:29:46", "age_s": 5645.4}
[2026-09-29 00:04:51] pid=12188 ACTIVE cpu=5459.9s(+58.7s) ws=64MB hb={"stage": "build_arb_tau:start", "ts": "2026-09-28 22:29:46", "age_s": 5705.4}
[2026-09-29 00:05:51] pid=12188 ACTIVE cpu=5518.2s(+58.4s) ws=72MB hb={"stage": "build_arb_tau:start", "ts": "2026-09-28 22:29:46", "age_s": 5765.4}
[2026-09-29 00:06:51] pid=12188 ACTIVE cpu=5573.6s(+55.4s) ws=79MB hb={"stage": "build_arb_tau:start", "ts": "2026-09-28 22:29:46", "age_s": 5825.4}
[2026-09-29 00:07:51] pid=12188 ACTIVE cpu=5633.2s(+59.6s) ws=87MB hb={"stage": "build_arb_tau:start", "ts": "2026-09-28 22:29:46", "age_s": 5885.4}
[2026-09-29 00:08:51] pid=12188 ACTIVE cpu=5688.5s(+55.2s) ws=94MB hb={"stage": "build_arb_tau:start", "ts": "2026-09-28 22:29:46", "age_s": 5945.4}
[2026-09-29 00:09:51] pid=12188 ACTIVE cpu=5740.5s(+52.0s) ws=100MB hb={"stage": "build_arb_tau:start", "ts": "2026-09-28 22:29:46", "age_s": 6005.4}
[2026-09-29 00:10:51] pid=12188 ACTIVE cpu=5792.8s(+52.3s) ws=96MB hb={"stage": "build_arb_tau:start", "ts": "2026-09-28 22:29:46", "age_s": 6065.4}
[2026-09-29 00:11:51] pid=12188 ACTIVE cpu=5847.7s(+54.9s) ws=87MB hb={"stage": "build_arb_tau:start", "ts": "2026-09-28 22:29:46", "age_s": 6125.4}
[2026-09-29 00:12:51] pid=12188 ACTIVE cpu=5903.4s(+55.7s) ws=78MB hb={"stage": "build_arb_tau:start", "ts": "2026-09-28 22:29:46", "age_s": 6185.4}
[2026-09-29 00:13:51] pid=12188 ACTIVE cpu=5956.3s(+52.9s) ws=71MB hb={"stage": "build_arb_tau:start", "ts": "2026-09-28 22:29:46", "age_s": 6245.4}
[2026-09-29 00:14:51] pid=12188 ACTIVE cpu=6004.5s(+48.2s) ws=63MB hb={"stage": "build_arb_tau:start", "ts": "2026-09-28 22:29:46", "age_s": 6305.4}
[2026-09-29 00:15:51] pid=12188 ACTIVE cpu=6060.0s(+55.5s) ws=58MB hb={"stage": "build_arb_tau:start", "ts": "2026-09-28 22:29:46", "age_s": 6365.4}
[2026-09-29 00:16:51] pid=12188 ACTIVE cpu=6113.6s(+53.6s) ws=54MB hb={"stage": "build_arb_tau:start", "ts": "2026-09-28 22:29:46", "age_s": 6425.4}
[2026-09-29 00:17:51] pid=12188 ACTIVE cpu=6165.5s(+51.9s) ws=59MB hb={"stage": "build_arb_tau:start", "ts": "2026-09-28 22:29:46", "age_s": 6485.4}
[2026-09-29 00:18:51] pid=12188 ACTIVE cpu=6222.1s(+56.5s) ws=66MB hb={"stage": "build_arb_tau:start", "ts": "2026-09-28 22:29:46", "age_s": 6545.4}
[2026-09-29 00:19:51] pid=12188 ACTIVE cpu=6278.3s(+56.2s) ws=73MB hb={"stage": "build_arb_tau:start", "ts": "2026-09-28 22:29:46", "age_s": 6605.4}
[2026-09-29 00:20:51] pid=12188 ACTIVE cpu=6334.1s(+55.8s) ws=80MB hb={"stage": "build_arb_tau:start", "ts": "2026-09-28 22:29:46", "age_s": 6665.4}
[2026-09-29 00:21:51] pid=12188 ACTIVE cpu=6388.1s(+54.1s) ws=87MB hb={"stage": "build_arb_tau:start", "ts": "2026-09-28 22:29:46", "age_s": 6725.4}
[2026-09-29 00:22:51] pid=12188 ACTIVE cpu=6445.4s(+57.2s) ws=94MB hb={"stage": "build_arb_tau:start", "ts": "2026-09-28 22:29:46", "age_s": 6785.4}
[2026-09-29 00:23:51] pid=12188 ACTIVE cpu=6495.1s(+49.7s) ws=95MB hb={"stage": "build_arb_tau:start", "ts": "2026-09-28 22:29:46", "age_s": 6845.4}
[2026-09-29 00:24:51] pid=12188 ACTIVE cpu=6546.4s(+51.3s) ws=83MB hb={"stage": "build_arb_tau:start", "ts": "2026-09-28 22:29:46", "age_s": 6905.4}
[2026-09-29 00:25:51] pid=12188 ACTIVE cpu=6590.4s(+44.0s) ws=73MB hb={"stage": "build_arb_tau:start", "ts": "2026-09-28 22:29:46", "age_s": 6965.4}
[2026-09-29 00:26:51] pid=12188 ACTIVE cpu=6641.1s(+50.7s) ws=66MB hb={"stage": "build_arb_tau:start", "ts": "2026-09-28 22:29:46", "age_s": 7025.4}
[2026-09-29 00:27:51] pid=12188 ACTIVE cpu=6689.8s(+48.7s) ws=59MB hb={"stage": "build_arb_tau:start", "ts": "2026-09-28 22:29:46", "age_s": 7085.5}
[2026-09-29 00:28:51] pid=12188 ACTIVE cpu=6743.9s(+54.1s) ws=55MB hb={"stage": "build_arb_tau:start", "ts": "2026-09-28 22:29:46", "age_s": 7145.5}
[2026-09-29 00:29:51] pid=12188 ACTIVE cpu=6794.2s(+50.3s) ws=50MB hb={"stage": "build_arb_tau:start", "ts": "2026-09-28 22:29:46", "age_s": 7205.5}
[2026-09-29 00:30:51] pid=12188 ACTIVE cpu=6848.8s(+54.6s) ws=549MB hb={"stage": "build_arb_tau:done", "ts": "2026-09-29 00:30:47", "age_s": 4.5}
[2026-09-29 00:31:51] pid=12188 ACTIVE cpu=6903.7s(+54.9s) ws=17MB hb={"stage": "build_arb_tau:start", "ts": "2026-09-29 00:30:54", "age_s": 57.5}
[2026-09-29 00:32:51] pid=12188 ACTIVE cpu=6955.8s(+52.1s) ws=17MB hb={"stage": "build_arb_tau:start", "ts": "2026-09-29 00:30:54", "age_s": 117.5}
[2026-09-29 00:33:51] pid=12188 ACTIVE cpu=7011.5s(+55.7s) ws=17MB hb={"stage": "build_arb_tau:start", "ts": "2026-09-29 00:30:54", "age_s": 177.5}
[2026-09-29 00:34:51] pid=12188 ACTIVE cpu=7057.3s(+45.8s) ws=18MB hb={"stage": "build_arb_tau:start", "ts": "2026-09-29 00:30:54", "age_s": 237.5}
[2026-09-29 00:35:51] pid=12188 ACTIVE cpu=7114.3s(+57.0s) ws=19MB hb={"stage": "build_arb_tau:start", "ts": "2026-09-29 00:30:54", "age_s": 297.5}
[2026-09-29 00:36:51] pid=12188 ACTIVE cpu=7172.4s(+58.1s) ws=143MB hb={"stage": "build_arb_tau:start", "ts": "2026-09-29 00:30:54", "age_s": 357.5}
[2026-09-29 00:37:51] pid=12188 ACTIVE cpu=7232.3s(+59.9s) ws=150MB hb={"stage": "build_arb_tau:start", "ts": "2026-09-29 00:30:54", "age_s": 417.5}
[2026-09-29 00:38:51] pid=12188 ACTIVE cpu=7284.6s(+52.3s) ws=156MB hb={"stage": "build_arb_tau:start", "ts": "2026-09-29 00:30:54", "age_s": 477.5}
[2026-09-29 00:39:51] pid=12188 ACTIVE cpu=7341.5s(+56.9s) ws=162MB hb={"stage": "build_arb_tau:start", "ts": "2026-09-29 00:30:54", "age_s": 537.5}
[2026-09-29 00:40:51] pid=12188 ACTIVE cpu=7396.3s(+54.8s) ws=168MB hb={"stage": "build_arb_tau:start", "ts": "2026-09-29 00:30:54", "age_s": 597.5}
[2026-09-29 00:41:51] pid=12188 ACTIVE cpu=7454.7s(+58.5s) ws=169MB hb={"stage": "build_arb_tau:start", "ts": "2026-09-29 00:30:54", "age_s": 657.5}
[2026-09-29 00:42:51] pid=12188 ACTIVE cpu=7512.4s(+57.7s) ws=167MB hb={"stage": "build_arb_tau:start", "ts": "2026-09-29 00:30:54", "age_s": 717.5}
[2026-09-29 00:43:51] pid=12188 ACTIVE cpu=7571.6s(+59.2s) ws=148MB hb={"stage": "build_arb_tau:start", "ts": "2026-09-29 00:30:54", "age_s": 777.5}
[2026-09-29 00:44:51] pid=12188 ACTIVE cpu=7630.7s(+59.1s) ws=131MB hb={"stage": "build_arb_tau:start", "ts": "2026-09-29 00:30:54", "age_s": 837.5}
[2026-09-29 00:45:51] pid=12188 ACTIVE cpu=7689.9s(+59.1s) ws=118MB hb={"stage": "build_arb_tau:start", "ts": "2026-09-29 00:30:54", "age_s": 897.5}
[2026-09-29 01:16:19] WATCHDOG start pid=1420 interval=60s
[2026-09-29 01:17:19] pid=1420 ACTIVE cpu=66.1s(+66.1s) ws=37MB hb={"stage": "build_arb_tau:start", "ts": "2026-09-29 01:16:11", "age_s": 68.7}
[2026-09-29 01:18:19] pid=1420 ACTIVE cpu=125.1s(+59.0s) ws=37MB hb={"stage": "build_arb_tau:start", "ts": "2026-09-29 01:16:11", "age_s": 128.7}
[2026-09-29 01:19:19] pid=1420 ACTIVE cpu=181.7s(+56.6s) ws=71MB hb={"stage": "build_arb_tau:start", "ts": "2026-09-29 01:16:11", "age_s": 188.7}
[2026-09-29 01:20:19] pid=1420 ACTIVE cpu=239.1s(+57.5s) ws=76MB hb={"stage": "build_arb_tau:start", "ts": "2026-09-29 01:16:11", "age_s": 248.7}
[2026-09-29 01:21:19] pid=1420 ACTIVE cpu=297.4s(+58.3s) ws=55MB hb={"stage": "build_arb_tau:start", "ts": "2026-09-29 01:16:11", "age_s": 308.8}
[2026-09-29 01:22:19] pid=1420 ACTIVE cpu=354.1s(+56.7s) ws=61MB hb={"stage": "build_arb_tau:start", "ts": "2026-09-29 01:16:11", "age_s": 368.8}
[2026-09-29 01:23:19] pid=1420 ACTIVE cpu=410.5s(+56.4s) ws=67MB hb={"stage": "build_arb_tau:start", "ts": "2026-09-29 01:16:11", "age_s": 428.8}
[2026-09-29 01:24:19] pid=1420 ACTIVE cpu=469.5s(+59.0s) ws=73MB hb={"stage": "build_arb_tau:start", "ts": "2026-09-29 01:16:11", "age_s": 488.8}
[2026-09-29 01:25:19] pid=1420 ACTIVE cpu=525.3s(+55.8s) ws=70MB hb={"stage": "build_arb_tau:start", "ts": "2026-09-29 01:16:11", "age_s": 548.8}
[2026-09-29 01:26:19] pid=1420 ACTIVE cpu=584.0s(+58.8s) ws=68MB hb={"stage": "build_arb_tau:start", "ts": "2026-09-29 01:16:11", "age_s": 608.8}
[2026-09-29 01:27:19] pid=1420 ACTIVE cpu=642.7s(+58.6s) ws=68MB hb={"stage": "build_arb_tau:start", "ts": "2026-09-29 01:16:11", "age_s": 668.8}
[2026-09-29 01:28:19] pid=1420 ACTIVE cpu=701.0s(+58.3s) ws=63MB hb={"stage": "build_arb_tau:start", "ts": "2026-09-29 01:16:11", "age_s": 728.8}
[2026-09-29 01:29:19] pid=1420 ACTIVE cpu=759.3s(+58.4s) ws=64MB hb={"stage": "build_arb_tau:start", "ts": "2026-09-29 01:16:11", "age_s": 788.8}
[2026-09-29 01:30:19] pid=1420 ACTIVE cpu=819.3s(+59.9s) ws=72MB hb={"stage": "build_arb_tau:start", "ts": "2026-09-29 01:16:11", "age_s": 848.8}
[2026-09-29 01:31:19] pid=1420 ACTIVE cpu=879.2s(+60.0s) ws=81MB hb={"stage": "build_arb_tau:start", "ts": "2026-09-29 01:16:11", "age_s": 908.8}
[2026-09-29 01:32:19] pid=1420 ACTIVE cpu=939.1s(+59.9s) ws=78MB hb={"stage": "build_arb_tau:start", "ts": "2026-09-29 01:16:11", "age_s": 968.8}
[2026-09-29 01:33:19] pid=1420 ACTIVE cpu=999.0s(+59.9s) ws=57MB hb={"stage": "build_arb_tau:start", "ts": "2026-09-29 01:16:11", "age_s": 1028.8}
[2026-09-29 01:34:19] pid=1420 ACTIVE cpu=1058.9s(+60.0s) ws=39MB hb={"stage": "build_arb_tau:start", "ts": "2026-09-29 01:16:11", "age_s": 1088.8}
[2026-09-29 01:35:19] pid=1420 ACTIVE cpu=1118.9s(+59.9s) ws=39MB hb={"stage": "build_arb_tau:start", "ts": "2026-09-29 01:16:11", "age_s": 1148.8}
[2026-09-29 01:36:19] pid=1420 ACTIVE cpu=1178.9s(+60.0s) ws=47MB hb={"stage": "build_arb_tau:start", "ts": "2026-09-29 01:16:11", "age_s": 1208.8}
[2026-09-29 01:37:19] pid=1420 ACTIVE cpu=1238.7s(+59.8s) ws=38MB hb={"stage": "build_arb_tau:start", "ts": "2026-09-29 01:16:11", "age_s": 1268.8}
[2026-09-29 01:38:19] pid=1420 ACTIVE cpu=1298.6s(+59.9s) ws=30MB hb={"stage": "build_arb_tau:start", "ts": "2026-09-29 01:16:11", "age_s": 1328.8}
[2026-09-29 01:39:19] pid=1420 ACTIVE cpu=1358.0s(+59.4s) ws=37MB hb={"stage": "build_arb_tau:start", "ts": "2026-09-29 01:16:11", "age_s": 1388.8}
[2026-09-29 01:40:19] pid=1420 ACTIVE cpu=1418.0s(+60.0s) ws=44MB hb={"stage": "build_arb_tau:start", "ts": "2026-09-29 01:16:11", "age_s": 1448.8}
[2026-09-29 01:41:19] pid=1420 ACTIVE cpu=1478.0s(+60.0s) ws=32MB hb={"stage": "build_arb_tau:start", "ts": "2026-09-29 01:16:11", "age_s": 1508.8}
[2026-09-29 01:42:19] pid=1420 ACTIVE cpu=1537.7s(+59.8s) ws=30MB hb={"stage": "build_arb_tau:start", "ts": "2026-09-29 01:16:11", "age_s": 1568.8}
[2026-09-29 01:43:19] pid=1420 ACTIVE cpu=1597.7s(+60.0s) ws=39MB hb={"stage": "build_arb_tau:start", "ts": "2026-09-29 01:16:11", "age_s": 1628.8}
[2026-09-29 01:44:19] pid=1420 ACTIVE cpu=1657.7s(+60.0s) ws=38MB hb={"stage": "build_arb_tau:start", "ts": "2026-09-29 01:16:11", "age_s": 1688.8}
[2026-09-29 01:45:19] pid=1420 ACTIVE cpu=1717.6s(+59.9s) ws=28MB hb={"stage": "build_arb_tau:start", "ts": "2026-09-29 01:16:11", "age_s": 1748.8}
[2026-09-29 01:46:19] pid=1420 ACTIVE cpu=1777.6s(+60.0s) ws=33MB hb={"stage": "build_arb_tau:start", "ts": "2026-09-29 01:16:11", "age_s": 1808.8}
[2026-09-29 01:47:19] pid=1420 ACTIVE cpu=1837.6s(+60.0s) ws=42MB hb={"stage": "build_arb_tau:start", "ts": "2026-09-29 01:16:11", "age_s": 1868.8}
[2026-09-29 01:48:19] pid=1420 ACTIVE cpu=1897.5s(+60.0s) ws=33MB hb={"stage": "build_arb_tau:start", "ts": "2026-09-29 01:16:11", "age_s": 1928.8}
[2026-09-29 01:49:19] pid=1420 ACTIVE cpu=1957.5s(+60.0s) ws=28MB hb={"stage": "build_arb_tau:start", "ts": "2026-09-29 01:16:11", "age_s": 1988.8}
[2026-09-29 01:50:19] pid=1420 ACTIVE cpu=2017.5s(+59.9s) ws=37MB hb={"stage": "build_arb_tau:start", "ts": "2026-09-29 01:16:11", "age_s": 2048.8}
[2026-09-29 01:51:19] pid=1420 ACTIVE cpu=2077.4s(+60.0s) ws=37MB hb={"stage": "build_arb_tau:start", "ts": "2026-09-29 01:16:11", "age_s": 2108.8}
[2026-09-29 01:52:19] pid=1420 ACTIVE cpu=2137.3s(+59.9s) ws=29MB hb={"stage": "build_arb_tau:start", "ts": "2026-09-29 01:16:11", "age_s": 2168.8}
[2026-09-29 01:53:19] pid=1420 ACTIVE cpu=2197.2s(+59.9s) ws=33MB hb={"stage": "build_arb_tau:start", "ts": "2026-09-29 01:16:11", "age_s": 2228.8}
[2026-09-29 01:54:19] pid=1420 ACTIVE cpu=2257.1s(+59.9s) ws=41MB hb={"stage": "build_arb_tau:start", "ts": "2026-09-29 01:16:11", "age_s": 2288.8}
[2026-09-29 01:55:19] pid=1420 ACTIVE cpu=2317.0s(+60.0s) ws=35MB hb={"stage": "build_arb_tau:start", "ts": "2026-09-29 01:16:11", "age_s": 2348.8}
[2026-09-29 01:56:19] pid=1420 ACTIVE cpu=2377.0s(+60.0s) ws=26MB hb={"stage": "build_arb_tau:start", "ts": "2026-09-29 01:16:11", "age_s": 2408.8}
[2026-09-29 01:57:19] pid=1420 ACTIVE cpu=2436.9s(+59.9s) ws=35MB hb={"stage": "build_arb_tau:start", "ts": "2026-09-29 01:16:11", "age_s": 2468.8}
[2026-09-29 01:58:19] pid=1420 ACTIVE cpu=2497.0s(+60.0s) ws=43MB hb={"stage": "build_arb_tau:start", "ts": "2026-09-29 01:16:11", "age_s": 2528.8}
[2026-09-29 01:59:19] pid=1420 ACTIVE cpu=2556.9s(+60.0s) ws=30MB hb={"stage": "build_arb_tau:start", "ts": "2026-09-29 01:16:11", "age_s": 2588.8}
[2026-09-29 02:00:19] pid=1420 ACTIVE cpu=2616.9s(+59.9s) ws=30MB hb={"stage": "build_arb_tau:start", "ts": "2026-09-29 01:16:11", "age_s": 2648.8}
[2026-09-29 02:01:19] pid=1420 ACTIVE cpu=2676.9s(+60.0s) ws=38MB hb={"stage": "build_arb_tau:start", "ts": "2026-09-29 01:16:11", "age_s": 2708.8}
[2026-09-29 02:02:19] pid=1420 ACTIVE cpu=2736.8s(+59.9s) ws=36MB hb={"stage": "build_arb_tau:start", "ts": "2026-09-29 01:16:11", "age_s": 2768.8}
[2026-09-29 02:03:19] pid=1420 ACTIVE cpu=2796.8s(+60.0s) ws=26MB hb={"stage": "build_arb_tau:start", "ts": "2026-09-29 01:16:11", "age_s": 2828.8}
[2026-09-29 02:04:19] pid=1420 ACTIVE cpu=2856.8s(+60.0s) ws=35MB hb={"stage": "build_arb_tau:start", "ts": "2026-09-29 01:16:11", "age_s": 2888.8}
[2026-09-29 02:05:19] pid=1420 ACTIVE cpu=2916.7s(+59.9s) ws=40MB hb={"stage": "build_arb_tau:start", "ts": "2026-09-29 01:16:11", "age_s": 2948.8}
[2026-09-29 02:06:19] pid=1420 ACTIVE cpu=2976.7s(+60.0s) ws=28MB hb={"stage": "build_arb_tau:start", "ts": "2026-09-29 01:16:11", "age_s": 3008.8}
[2026-09-29 02:07:19] pid=1420 ACTIVE cpu=3036.6s(+59.9s) ws=31MB hb={"stage": "build_arb_tau:start", "ts": "2026-09-29 01:16:11", "age_s": 3068.8}
[2026-09-29 02:08:19] pid=1420 ACTIVE cpu=3096.6s(+60.0s) ws=39MB hb={"stage": "build_arb_tau:start", "ts": "2026-09-29 01:16:11", "age_s": 3128.8}
[2026-09-29 02:09:19] pid=1420 ACTIVE cpu=3156.5s(+60.0s) ws=37MB hb={"stage": "build_arb_tau:start", "ts": "2026-09-29 01:16:11", "age_s": 3188.8}
[2026-09-29 02:10:19] pid=1420 ACTIVE cpu=3216.5s(+60.0s) ws=26MB hb={"stage": "build_arb_tau:start", "ts": "2026-09-29 01:16:11", "age_s": 3248.8}
[2026-09-29 02:11:19] pid=1420 ACTIVE cpu=3276.5s(+60.0s) ws=33MB hb={"stage": "build_arb_tau:start", "ts": "2026-09-29 01:16:11", "age_s": 3308.8}
[2026-09-29 02:12:19] pid=1420 ACTIVE cpu=3336.4s(+60.0s) ws=41MB hb={"stage": "build_arb_tau:start", "ts": "2026-09-29 01:16:11", "age_s": 3368.8}
[2026-09-29 02:13:19] pid=1420 ACTIVE cpu=3396.4s(+60.0s) ws=32MB hb={"stage": "build_arb_tau:start", "ts": "2026-09-29 01:16:11", "age_s": 3428.8}
[2026-09-29 02:14:19] pid=1420 ACTIVE cpu=3456.3s(+59.9s) ws=28MB hb={"stage": "build_arb_tau:start", "ts": "2026-09-29 01:16:11", "age_s": 3488.8}
[2026-09-29 02:15:19] pid=1420 ACTIVE cpu=3516.3s(+60.0s) ws=37MB hb={"stage": "build_arb_tau:start", "ts": "2026-09-29 01:16:11", "age_s": 3548.8}
[2026-09-29 02:16:19] pid=1420 ACTIVE cpu=3576.3s(+60.0s) ws=37MB hb={"stage": "build_arb_tau:start", "ts": "2026-09-29 01:16:11", "age_s": 3608.8}
[2026-09-29 02:17:19] pid=1420 ACTIVE cpu=3636.2s(+59.9s) ws=28MB hb={"stage": "build_arb_tau:start", "ts": "2026-09-29 01:16:11", "age_s": 3668.8}
[2026-09-29 02:18:19] pid=1420 ACTIVE cpu=3696.2s(+60.0s) ws=32MB hb={"stage": "build_arb_tau:start", "ts": "2026-09-29 01:16:11", "age_s": 3728.8}
[2026-09-29 02:19:19] pid=1420 ACTIVE cpu=3756.1s(+59.9s) ws=41MB hb={"stage": "build_arb_tau:start", "ts": "2026-09-29 01:16:11", "age_s": 3788.8}
[2026-09-29 02:20:19] pid=1420 ACTIVE cpu=3816.1s(+60.0s) ws=31MB hb={"stage": "build_arb_tau:start", "ts": "2026-09-29 01:16:11", "age_s": 3848.8}
[2026-09-29 02:21:19] pid=1420 ACTIVE cpu=3876.0s(+60.0s) ws=28MB hb={"stage": "build_arb_tau:start", "ts": "2026-09-29 01:16:11", "age_s": 3908.8}
[2026-09-29 02:22:19] pid=1420 ACTIVE cpu=3936.0s(+59.9s) ws=37MB hb={"stage": "build_arb_tau:start", "ts": "2026-09-29 01:16:11", "age_s": 3968.8}
[2026-09-29 02:23:19] pid=1420 ACTIVE cpu=3995.9s(+60.0s) ws=40MB hb={"stage": "build_arb_tau:start", "ts": "2026-09-29 01:16:11", "age_s": 4028.8}
[2026-09-29 02:24:19] pid=1420 ACTIVE cpu=4055.9s(+60.0s) ws=28MB hb={"stage": "build_arb_tau:start", "ts": "2026-09-29 01:16:11", "age_s": 4088.8}
[2026-09-29 02:25:19] pid=1420 ACTIVE cpu=4115.9s(+60.0s) ws=32MB hb={"stage": "build_arb_tau:start", "ts": "2026-09-29 01:16:11", "age_s": 4148.8}
[2026-09-29 02:26:19] pid=1420 ACTIVE cpu=4175.9s(+60.0s) ws=40MB hb={"stage": "build_arb_tau:start", "ts": "2026-09-29 01:16:11", "age_s": 4208.8}
[2026-09-29 02:27:19] pid=1420 ACTIVE cpu=4235.8s(+59.9s) ws=32MB hb={"stage": "build_arb_tau:start", "ts": "2026-09-29 01:16:11", "age_s": 4268.8}
[2026-09-29 02:28:19] pid=1420 ACTIVE cpu=4295.8s(+60.0s) ws=28MB hb={"stage": "build_arb_tau:start", "ts": "2026-09-29 01:16:11", "age_s": 4328.8}
[2026-09-29 02:29:19] pid=1420 ACTIVE cpu=4355.7s(+59.9s) ws=36MB hb={"stage": "build_arb_tau:start", "ts": "2026-09-29 01:16:11", "age_s": 4388.8}
[2026-09-29 02:30:19] pid=1420 ACTIVE cpu=4415.2s(+59.5s) ws=39MB hb={"stage": "build_arb_tau:start", "ts": "2026-09-29 01:16:11", "age_s": 4448.8}
[2026-09-29 02:31:19] pid=1420 ACTIVE cpu=4475.2s(+60.0s) ws=27MB hb={"stage": "build_arb_tau:start", "ts": "2026-09-29 01:16:11", "age_s": 4508.8}
[2026-09-29 02:32:19] pid=1420 ACTIVE cpu=4535.1s(+59.9s) ws=31MB hb={"stage": "build_arb_tau:start", "ts": "2026-09-29 01:16:11", "age_s": 4568.8}
[2026-09-29 02:33:19] pid=1420 ACTIVE cpu=4595.1s(+60.0s) ws=40MB hb={"stage": "build_arb_tau:start", "ts": "2026-09-29 01:16:11", "age_s": 4628.8}
[2026-09-29 02:34:19] pid=1420 ACTIVE cpu=4655.0s(+60.0s) ws=33MB hb={"stage": "build_arb_tau:start", "ts": "2026-09-29 01:16:11", "age_s": 4688.8}
[2026-09-29 02:35:19] pid=1420 ACTIVE cpu=4715.0s(+60.0s) ws=27MB hb={"stage": "build_arb_tau:start", "ts": "2026-09-29 01:16:11", "age_s": 4748.8}
[2026-09-29 02:36:19] pid=1420 ACTIVE cpu=4775.0s(+60.0s) ws=36MB hb={"stage": "build_arb_tau:start", "ts": "2026-09-29 01:16:11", "age_s": 4808.8}
[2026-09-29 02:37:19] pid=1420 ACTIVE cpu=4834.9s(+59.9s) ws=38MB hb={"stage": "build_arb_tau:start", "ts": "2026-09-29 01:16:11", "age_s": 4868.8}
[2026-09-29 02:38:19] pid=1420 ACTIVE cpu=4894.7s(+59.8s) ws=28MB hb={"stage": "build_arb_tau:start", "ts": "2026-09-29 01:16:11", "age_s": 4928.8}
[2026-09-29 02:39:19] pid=1420 ACTIVE cpu=4954.7s(+60.0s) ws=32MB hb={"stage": "build_arb_tau:start", "ts": "2026-09-29 01:16:11", "age_s": 4988.8}
[2026-09-29 02:40:19] pid=1420 ACTIVE cpu=5014.1s(+59.4s) ws=40MB hb={"stage": "build_arb_tau:start", "ts": "2026-09-29 01:16:11", "age_s": 5048.8}
[2026-09-29 02:41:19] pid=1420 ACTIVE cpu=5074.1s(+60.0s) ws=31MB hb={"stage": "build_arb_tau:start", "ts": "2026-09-29 01:16:11", "age_s": 5108.8}
[2026-09-29 02:42:19] pid=1420 ACTIVE cpu=5132.8s(+58.7s) ws=27MB hb={"stage": "build_arb_tau:start", "ts": "2026-09-29 01:16:11", "age_s": 5168.8}
[2026-09-29 02:43:19] pid=1420 ACTIVE cpu=5192.7s(+59.9s) ws=36MB hb={"stage": "build_arb_tau:start", "ts": "2026-09-29 01:16:11", "age_s": 5228.8}
[2026-09-29 02:44:19] pid=1420 ACTIVE cpu=5252.7s(+60.0s) ws=38MB hb={"stage": "build_arb_tau:start", "ts": "2026-09-29 01:16:11", "age_s": 5288.8}
[2026-09-29 02:45:19] pid=1420 ACTIVE cpu=5312.6s(+59.9s) ws=29MB hb={"stage": "build_arb_tau:start", "ts": "2026-09-29 01:16:11", "age_s": 5348.8}
[2026-09-29 02:46:19] pid=1420 ACTIVE cpu=5372.5s(+60.0s) ws=29MB hb={"stage": "build_arb_tau:start", "ts": "2026-09-29 01:16:11", "age_s": 5408.8}
[2026-09-29 02:47:19] pid=1420 ACTIVE cpu=5432.5s(+59.9s) ws=38MB hb={"stage": "build_arb_tau:start", "ts": "2026-09-29 01:16:11", "age_s": 5468.8}
[2026-09-29 02:48:19] pid=1420 ACTIVE cpu=5492.4s(+59.9s) ws=34MB hb={"stage": "build_arb_tau:start", "ts": "2026-09-29 01:16:11", "age_s": 5528.8}
[2026-09-29 02:49:19] pid=1420 ACTIVE cpu=5552.3s(+59.9s) ws=25MB hb={"stage": "build_arb_tau:start", "ts": "2026-09-29 01:16:11", "age_s": 5588.8}
[2026-09-29 02:50:19] pid=1420 ACTIVE cpu=5612.3s(+60.0s) ws=33MB hb={"stage": "build_arb_tau:start", "ts": "2026-09-29 01:16:11", "age_s": 5648.8}
[2026-09-29 02:51:19] pid=1420 ACTIVE cpu=5672.3s(+60.0s) ws=38MB hb={"stage": "build_arb_tau:start", "ts": "2026-09-29 01:16:11", "age_s": 5708.9}
[2026-09-29 02:52:19] pid=1420 ACTIVE cpu=5732.2s(+59.9s) ws=31MB hb={"stage": "build_arb_tau:start", "ts": "2026-09-29 01:16:11", "age_s": 5768.9}
[2026-09-29 02:53:19] pid=1420 ACTIVE cpu=5792.1s(+59.9s) ws=29MB hb={"stage": "build_arb_tau:start", "ts": "2026-09-29 01:16:11", "age_s": 5828.9}
[2026-09-29 02:54:19] pid=1420 ACTIVE cpu=5852.1s(+60.0s) ws=37MB hb={"stage": "build_arb_tau:start", "ts": "2026-09-29 01:16:11", "age_s": 5888.9}
[2026-09-29 02:55:19] pid=1420 ACTIVE cpu=5912.0s(+59.9s) ws=40MB hb={"stage": "build_arb_tau:start", "ts": "2026-09-29 01:16:11", "age_s": 5948.9}
[2026-09-29 02:56:19] pid=1420 ACTIVE cpu=5972.0s(+60.0s) ws=27MB hb={"stage": "build_arb_tau:start", "ts": "2026-09-29 01:16:11", "age_s": 6008.9}
[2026-09-29 02:57:19] pid=1420 ACTIVE cpu=6031.9s(+59.9s) ws=29MB hb={"stage": "build_arb_tau:start", "ts": "2026-09-29 01:16:11", "age_s": 6068.9}
[2026-09-29 02:58:19] pid=1420 ACTIVE cpu=6091.9s(+60.0s) ws=38MB hb={"stage": "build_arb_tau:start", "ts": "2026-09-29 01:16:11", "age_s": 6128.9}
[2026-09-29 02:59:19] pid=1420 ACTIVE cpu=6150.8s(+58.9s) ws=36MB hb={"stage": "build_arb_tau:start", "ts": "2026-09-29 01:16:11", "age_s": 6188.9}
[2026-09-29 03:00:19] pid=1420 ACTIVE cpu=6210.7s(+60.0s) ws=946MB hb={"stage": "certified_ldlt:start", "ts": "2026-09-29 02:59:25", "age_s": 54.9}
[2026-09-29 03:01:19] pid=1420 ACTIVE cpu=6270.7s(+60.0s) ws=973MB hb={"stage": "certified_ldlt:start", "ts": "2026-09-29 02:59:25", "age_s": 114.9}
[2026-09-29 03:02:19] pid=1420 ACTIVE cpu=6330.6s(+59.9s) ws=816MB hb={"stage": "certified_ldlt:start", "ts": "2026-09-29 02:59:25", "age_s": 174.9}
[2026-09-29 03:03:19] pid=1420 ACTIVE cpu=6390.6s(+60.0s) ws=548MB hb={"stage": "certified_ldlt:start", "ts": "2026-09-29 02:59:25", "age_s": 234.9}
[2026-09-29 03:04:19] pid=1420 ACTIVE cpu=6450.6s(+60.0s) ws=476MB hb={"stage": "certified_ldlt:start", "ts": "2026-09-29 02:59:25", "age_s": 294.9}
[2026-09-29 03:05:19] pid=1420 ACTIVE cpu=6510.5s(+59.9s) ws=350MB hb={"stage": "certified_ldlt:start", "ts": "2026-09-29 02:59:25", "age_s": 354.9}
[2026-09-29 03:06:19] pid=1420 ACTIVE cpu=6570.5s(+60.0s) ws=387MB hb={"stage": "certified_ldlt:start", "ts": "2026-09-29 02:59:25", "age_s": 414.9}
[2026-09-29 03:07:19] pid=1420 ACTIVE cpu=6630.5s(+60.0s) ws=383MB hb={"stage": "certified_ldlt:start", "ts": "2026-09-29 02:59:25", "age_s": 474.9}
[2026-09-29 03:08:19] pid=1420 ACTIVE cpu=6690.4s(+60.0s) ws=300MB hb={"stage": "certified_ldlt:start", "ts": "2026-09-29 02:59:25", "age_s": 534.9}
[2026-09-29 03:09:19] pid=1420 ACTIVE cpu=6750.4s(+60.0s) ws=321MB hb={"stage": "certified_ldlt:start", "ts": "2026-09-29 02:59:25", "age_s": 594.9}
[2026-09-29 03:10:19] pid=1420 ACTIVE cpu=6810.3s(+59.9s) ws=275MB hb={"stage": "certified_ldlt:start", "ts": "2026-09-29 02:59:25", "age_s": 654.9}
[2026-09-29 03:11:19] pid=1420 ACTIVE cpu=6870.3s(+60.0s) ws=292MB hb={"stage": "certified_ldlt:start", "ts": "2026-09-29 02:59:25", "age_s": 714.9}
[2026-09-29 03:12:19] pid=1420 ACTIVE cpu=6930.2s(+59.9s) ws=266MB hb={"stage": "certified_ldlt:start", "ts": "2026-09-29 02:59:25", "age_s": 774.9}
[2026-09-29 03:13:19] pid=1420 ACTIVE cpu=6990.2s(+60.0s) ws=273MB hb={"stage": "certified_ldlt:start", "ts": "2026-09-29 02:59:25", "age_s": 834.9}
[2026-09-29 03:14:19] pid=1420 ACTIVE cpu=7050.2s(+60.0s) ws=277MB hb={"stage": "certified_ldlt:start", "ts": "2026-09-29 02:59:25", "age_s": 894.9}
[2026-09-29 03:15:19] pid=1420 ACTIVE cpu=7110.1s(+59.9s) ws=251MB hb={"stage": "certified_ldlt:start", "ts": "2026-09-29 02:59:25", "age_s": 954.9}
[2026-09-29 03:16:19] pid=1420 ACTIVE cpu=7170.1s(+60.0s) ws=250MB hb={"stage": "certified_ldlt:start", "ts": "2026-09-29 02:59:25", "age_s": 1014.9}
[2026-09-29 03:17:19] pid=1420 ACTIVE cpu=7230.0s(+59.9s) ws=220MB hb={"stage": "certified_ldlt:start", "ts": "2026-09-29 02:59:25", "age_s": 1074.9}
[2026-09-29 03:18:19] pid=1420 ACTIVE cpu=7290.0s(+60.0s) ws=219MB hb={"stage": "certified_ldlt:start", "ts": "2026-09-29 02:59:25", "age_s": 1134.9}
[2026-09-29 03:19:19] pid=1420 ACTIVE cpu=7350.0s(+60.0s) ws=195MB hb={"stage": "build_arb_tau:start", "ts": "2026-09-29 03:18:57", "age_s": 22.9}
[2026-09-29 03:20:19] pid=1420 ACTIVE cpu=7409.9s(+60.0s) ws=166MB hb={"stage": "build_arb_tau:start", "ts": "2026-09-29 03:18:57", "age_s": 82.9}
[2026-09-29 03:21:19] pid=1420 ACTIVE cpu=7469.9s(+60.0s) ws=106MB hb={"stage": "build_arb_tau:start", "ts": "2026-09-29 03:18:57", "age_s": 142.9}
[2026-09-29 03:22:19] pid=1420 ACTIVE cpu=7529.8s(+59.9s) ws=66MB hb={"stage": "build_arb_tau:start", "ts": "2026-09-29 03:18:57", "age_s": 202.9}
[2026-09-29 03:23:19] pid=1420 ACTIVE cpu=7589.8s(+60.0s) ws=40MB hb={"stage": "build_arb_tau:start", "ts": "2026-09-29 03:18:57", "age_s": 262.9}
[2026-09-29 03:24:19] pid=1420 ACTIVE cpu=7649.8s(+60.0s) ws=29MB hb={"stage": "build_arb_tau:start", "ts": "2026-09-29 03:18:57", "age_s": 322.9}
[2026-09-29 03:25:19] pid=1420 ACTIVE cpu=7709.7s(+59.9s) ws=22MB hb={"stage": "build_arb_tau:start", "ts": "2026-09-29 03:18:57", "age_s": 382.9}
[2026-09-29 03:26:19] pid=1420 ACTIVE cpu=7769.7s(+60.0s) ws=22MB hb={"stage": "build_arb_tau:start", "ts": "2026-09-29 03:18:57", "age_s": 442.9}
[2026-09-29 03:27:19] pid=1420 ACTIVE cpu=7829.6s(+59.9s) ws=21MB hb={"stage": "build_arb_tau:start", "ts": "2026-09-29 03:18:57", "age_s": 502.9}
[2026-09-29 03:28:19] pid=1420 ACTIVE cpu=7889.6s(+60.0s) ws=22MB hb={"stage": "build_arb_tau:start", "ts": "2026-09-29 03:18:57", "age_s": 562.9}
[2026-09-29 03:29:19] pid=1420 ACTIVE cpu=7949.5s(+59.9s) ws=22MB hb={"stage": "build_arb_tau:start", "ts": "2026-09-29 03:18:57", "age_s": 622.9}
[2026-09-29 03:30:19] pid=1420 ACTIVE cpu=8009.4s(+60.0s) ws=22MB hb={"stage": "build_arb_tau:start", "ts": "2026-09-29 03:18:57", "age_s": 682.9}
[2026-09-29 03:31:19] pid=1420 ACTIVE cpu=8068.8s(+59.3s) ws=57MB hb={"stage": "build_arb_tau:start", "ts": "2026-09-29 03:18:57", "age_s": 742.9}
[2026-09-29 03:32:19] pid=1420 ACTIVE cpu=8128.7s(+60.0s) ws=59MB hb={"stage": "build_arb_tau:start", "ts": "2026-09-29 03:18:57", "age_s": 802.9}
[2026-09-29 03:33:19] pid=1420 ACTIVE cpu=8188.5s(+59.8s) ws=49MB hb={"stage": "build_arb_tau:start", "ts": "2026-09-29 03:18:57", "age_s": 862.9}
[2026-09-29 03:34:19] pid=1420 ACTIVE cpu=8248.5s(+60.0s) ws=37MB hb={"stage": "build_arb_tau:start", "ts": "2026-09-29 03:18:57", "age_s": 922.9}
[2026-09-29 03:35:19] pid=1420 ACTIVE cpu=8308.5s(+60.0s) ws=37MB hb={"stage": "build_arb_tau:start", "ts": "2026-09-29 03:18:57", "age_s": 982.9}
[2026-09-29 03:36:19] pid=1420 ACTIVE cpu=8368.5s(+60.0s) ws=27MB hb={"stage": "build_arb_tau:start", "ts": "2026-09-29 03:18:57", "age_s": 1042.9}
[2026-09-29 03:37:19] pid=1420 ACTIVE cpu=8428.4s(+60.0s) ws=32MB hb={"stage": "build_arb_tau:start", "ts": "2026-09-29 03:18:57", "age_s": 1102.9}
[2026-09-29 03:38:19] pid=1420 ACTIVE cpu=8488.4s(+60.0s) ws=39MB hb={"stage": "build_arb_tau:start", "ts": "2026-09-29 03:18:57", "age_s": 1162.9}
[2026-09-29 03:39:19] pid=1420 ACTIVE cpu=8548.4s(+60.0s) ws=27MB hb={"stage": "build_arb_tau:start", "ts": "2026-09-29 03:18:57", "age_s": 1222.9}
[2026-09-29 03:40:19] pid=1420 ACTIVE cpu=8608.4s(+60.0s) ws=32MB hb={"stage": "build_arb_tau:start", "ts": "2026-09-29 03:18:57", "age_s": 1282.9}
[2026-09-29 03:41:19] pid=1420 ACTIVE cpu=8667.9s(+59.6s) ws=37MB hb={"stage": "build_arb_tau:start", "ts": "2026-09-29 03:18:57", "age_s": 1342.9}
[2026-09-29 03:42:19] pid=1420 ACTIVE cpu=8727.8s(+59.9s) ws=27MB hb={"stage": "build_arb_tau:start", "ts": "2026-09-29 03:18:57", "age_s": 1402.9}
[2026-09-29 03:43:19] pid=1420 ACTIVE cpu=8787.7s(+59.8s) ws=32MB hb={"stage": "build_arb_tau:start", "ts": "2026-09-29 03:18:57", "age_s": 1462.9}
[2026-09-29 03:44:19] pid=1420 ACTIVE cpu=8847.6s(+60.0s) ws=37MB hb={"stage": "build_arb_tau:start", "ts": "2026-09-29 03:18:57", "age_s": 1522.9}
[2026-09-29 03:45:19] pid=1420 ACTIVE cpu=8907.6s(+60.0s) ws=26MB hb={"stage": "build_arb_tau:start", "ts": "2026-09-29 03:18:57", "age_s": 1582.9}
[2026-09-29 03:46:19] pid=1420 ACTIVE cpu=8967.5s(+59.9s) ws=32MB hb={"stage": "build_arb_tau:start", "ts": "2026-09-29 03:18:57", "age_s": 1642.9}
[2026-09-29 03:47:19] pid=1420 ACTIVE cpu=9027.4s(+60.0s) ws=35MB hb={"stage": "build_arb_tau:start", "ts": "2026-09-29 03:18:57", "age_s": 1702.9}
[2026-09-29 03:48:19] pid=1420 ACTIVE cpu=9087.4s(+60.0s) ws=25MB hb={"stage": "build_arb_tau:start", "ts": "2026-09-29 03:18:57", "age_s": 1762.9}
[2026-09-29 03:49:19] pid=1420 ACTIVE cpu=9147.4s(+60.0s) ws=33MB hb={"stage": "build_arb_tau:start", "ts": "2026-09-29 03:18:57", "age_s": 1822.9}
[2026-09-29 03:50:19] pid=1420 ACTIVE cpu=9207.4s(+60.0s) ws=32MB hb={"stage": "build_arb_tau:start", "ts": "2026-09-29 03:18:57", "age_s": 1882.9}
[2026-09-29 03:51:19] pid=1420 ACTIVE cpu=9267.3s(+59.9s) ws=26MB hb={"stage": "build_arb_tau:start", "ts": "2026-09-29 03:18:57", "age_s": 1942.9}
[2026-09-29 03:52:19] pid=1420 ACTIVE cpu=9327.1s(+59.8s) ws=34MB hb={"stage": "build_arb_tau:start", "ts": "2026-09-29 03:18:57", "age_s": 2002.9}
[2026-09-29 03:53:19] pid=1420 ACTIVE cpu=9387.0s(+59.9s) ws=35MB hb={"stage": "build_arb_tau:start", "ts": "2026-09-29 03:18:57", "age_s": 2062.9}
[2026-09-29 03:54:19] pid=1420 ACTIVE cpu=9447.0s(+60.0s) ws=26MB hb={"stage": "build_arb_tau:start", "ts": "2026-09-29 03:18:57", "age_s": 2122.9}
[2026-09-29 03:55:19] pid=1420 ACTIVE cpu=9507.0s(+60.0s) ws=33MB hb={"stage": "build_arb_tau:start", "ts": "2026-09-29 03:18:57", "age_s": 2182.9}
[2026-09-29 03:56:19] pid=1420 ACTIVE cpu=9566.9s(+59.9s) ws=32MB hb={"stage": "build_arb_tau:start", "ts": "2026-09-29 03:18:57", "age_s": 2242.9}
[2026-09-29 03:57:19] pid=1420 ACTIVE cpu=9626.8s(+59.9s) ws=26MB hb={"stage": "build_arb_tau:start", "ts": "2026-09-29 03:18:57", "age_s": 2302.9}
[2026-09-29 03:58:19] pid=1420 ACTIVE cpu=9686.2s(+59.4s) ws=33MB hb={"stage": "build_arb_tau:start", "ts": "2026-09-29 03:18:57", "age_s": 2362.9}
[2026-09-29 03:59:19] pid=1420 ACTIVE cpu=9746.2s(+60.0s) ws=33MB hb={"stage": "build_arb_tau:start", "ts": "2026-09-29 03:18:57", "age_s": 2422.9}
[2026-09-29 04:00:19] pid=1420 ACTIVE cpu=9806.1s(+60.0s) ws=26MB hb={"stage": "build_arb_tau:start", "ts": "2026-09-29 03:18:57", "age_s": 2482.9}
[2026-09-29 04:01:19] pid=1420 ACTIVE cpu=9866.0s(+59.9s) ws=34MB hb={"stage": "build_arb_tau:start", "ts": "2026-09-29 03:18:57", "age_s": 2542.9}
[2026-09-29 04:02:19] pid=1420 ACTIVE cpu=9926.0s(+60.0s) ws=31MB hb={"stage": "build_arb_tau:start", "ts": "2026-09-29 03:18:57", "age_s": 2602.9}
[2026-09-29 04:03:19] pid=1420 ACTIVE cpu=9986.0s(+60.0s) ws=28MB hb={"stage": "build_arb_tau:start", "ts": "2026-09-29 03:18:57", "age_s": 2662.9}
[2026-09-29 04:04:19] pid=1420 ACTIVE cpu=10045.9s(+60.0s) ws=35MB hb={"stage": "build_arb_tau:start", "ts": "2026-09-29 03:18:57", "age_s": 2722.9}
[2026-09-29 04:05:19] pid=1420 ACTIVE cpu=10105.9s(+60.0s) ws=27MB hb={"stage": "build_arb_tau:start", "ts": "2026-09-29 03:18:57", "age_s": 2782.9}
[2026-09-29 04:06:19] pid=1420 ACTIVE cpu=10165.8s(+59.9s) ws=30MB hb={"stage": "build_arb_tau:start", "ts": "2026-09-29 03:18:57", "age_s": 2842.9}
[2026-09-29 04:07:19] pid=1420 ACTIVE cpu=10225.8s(+60.0s) ws=37MB hb={"stage": "build_arb_tau:start", "ts": "2026-09-29 03:18:57", "age_s": 2902.9}
[2026-09-29 04:08:19] pid=1420 ACTIVE cpu=10285.8s(+60.0s) ws=28MB hb={"stage": "build_arb_tau:start", "ts": "2026-09-29 03:18:57", "age_s": 2962.9}
[2026-09-29 04:09:19] pid=1420 ACTIVE cpu=10345.8s(+60.0s) ws=31MB hb={"stage": "build_arb_tau:start", "ts": "2026-09-29 03:18:57", "age_s": 3023.0}
[2026-09-29 04:10:19] pid=1420 ACTIVE cpu=10405.8s(+60.0s) ws=35MB hb={"stage": "build_arb_tau:start", "ts": "2026-09-29 03:18:57", "age_s": 3083.0}
[2026-09-29 04:11:19] pid=1420 ACTIVE cpu=10465.7s(+60.0s) ws=25MB hb={"stage": "build_arb_tau:start", "ts": "2026-09-29 03:18:57", "age_s": 3143.0}
[2026-09-29 04:12:19] pid=1420 ACTIVE cpu=10525.6s(+59.9s) ws=33MB hb={"stage": "build_arb_tau:start", "ts": "2026-09-29 03:18:57", "age_s": 3203.0}
[2026-09-29 04:13:19] pid=1420 ACTIVE cpu=10585.6s(+60.0s) ws=34MB hb={"stage": "build_arb_tau:start", "ts": "2026-09-29 03:18:57", "age_s": 3263.0}
[2026-09-29 04:14:19] pid=1420 ACTIVE cpu=10645.5s(+59.9s) ws=26MB hb={"stage": "build_arb_tau:start", "ts": "2026-09-29 03:18:57", "age_s": 3323.0}
[2026-09-29 04:15:19] pid=1420 ACTIVE cpu=10705.5s(+60.0s) ws=34MB hb={"stage": "build_arb_tau:start", "ts": "2026-09-29 03:18:57", "age_s": 3383.0}
[2026-09-29 04:16:19] pid=1420 ACTIVE cpu=10765.4s(+59.9s) ws=33MB hb={"stage": "build_arb_tau:start", "ts": "2026-09-29 03:18:57", "age_s": 3443.0}
[2026-09-29 04:17:19] pid=1420 ACTIVE cpu=10825.3s(+59.9s) ws=27MB hb={"stage": "build_arb_tau:start", "ts": "2026-09-29 03:18:57", "age_s": 3503.0}
[2026-09-29 04:18:19] pid=1420 ACTIVE cpu=10885.3s(+60.0s) ws=34MB hb={"stage": "build_arb_tau:start", "ts": "2026-09-29 03:18:57", "age_s": 3563.0}
[2026-09-29 04:19:19] pid=1420 ACTIVE cpu=10945.3s(+60.0s) ws=33MB hb={"stage": "build_arb_tau:start", "ts": "2026-09-29 03:18:57", "age_s": 3623.0}
[2026-09-29 04:20:19] pid=1420 ACTIVE cpu=11005.3s(+60.0s) ws=26MB hb={"stage": "build_arb_tau:start", "ts": "2026-09-29 03:18:57", "age_s": 3683.0}
[2026-09-29 04:21:19] pid=1420 ACTIVE cpu=11065.2s(+59.9s) ws=34MB hb={"stage": "build_arb_tau:start", "ts": "2026-09-29 03:18:57", "age_s": 3743.0}
[2026-09-29 04:22:19] pid=1420 ACTIVE cpu=11125.1s(+59.9s) ws=33MB hb={"stage": "build_arb_tau:start", "ts": "2026-09-29 03:18:57", "age_s": 3803.0}
[2026-09-29 04:23:19] pid=1420 ACTIVE cpu=11184.8s(+59.8s) ws=28MB hb={"stage": "build_arb_tau:start", "ts": "2026-09-29 03:18:57", "age_s": 3863.0}
[2026-09-29 04:24:19] pid=1420 ACTIVE cpu=11244.8s(+60.0s) ws=36MB hb={"stage": "build_arb_tau:start", "ts": "2026-09-29 03:18:57", "age_s": 3923.0}
[2026-09-29 04:25:19] pid=1420 ACTIVE cpu=11304.8s(+60.0s) ws=31MB hb={"stage": "build_arb_tau:start", "ts": "2026-09-29 03:18:57", "age_s": 3983.0}
[2026-09-29 04:26:19] pid=1420 ACTIVE cpu=11364.7s(+59.9s) ws=28MB hb={"stage": "build_arb_tau:start", "ts": "2026-09-29 03:18:57", "age_s": 4043.0}
[2026-09-29 04:27:19] pid=1420 ACTIVE cpu=11424.6s(+59.9s) ws=35MB hb={"stage": "build_arb_tau:start", "ts": "2026-09-29 03:18:57", "age_s": 4103.0}
[2026-09-29 04:28:19] pid=1420 ACTIVE cpu=11484.6s(+60.0s) ws=29MB hb={"stage": "build_arb_tau:start", "ts": "2026-09-29 03:18:57", "age_s": 4163.0}
[2026-09-29 04:29:19] pid=1420 ACTIVE cpu=11544.5s(+59.9s) ws=29MB hb={"stage": "build_arb_tau:start", "ts": "2026-09-29 03:18:57", "age_s": 4223.0}
[2026-09-29 04:30:19] pid=1420 ACTIVE cpu=11604.5s(+60.0s) ws=36MB hb={"stage": "build_arb_tau:start", "ts": "2026-09-29 03:18:57", "age_s": 4283.0}
[2026-09-29 04:31:19] pid=1420 ACTIVE cpu=11664.5s(+59.9s) ws=28MB hb={"stage": "build_arb_tau:start", "ts": "2026-09-29 03:18:57", "age_s": 4343.0}
[2026-09-29 04:32:19] pid=1420 ACTIVE cpu=11723.8s(+59.4s) ws=29MB hb={"stage": "build_arb_tau:start", "ts": "2026-09-29 03:18:57", "age_s": 4403.0}
[2026-09-29 04:33:19] pid=1420 ACTIVE cpu=11783.7s(+59.9s) ws=37MB hb={"stage": "build_arb_tau:start", "ts": "2026-09-29 03:18:57", "age_s": 4463.0}
[2026-09-29 04:34:19] pid=1420 ACTIVE cpu=11843.7s(+60.0s) ws=30MB hb={"stage": "build_arb_tau:start", "ts": "2026-09-29 03:18:57", "age_s": 4523.0}
[2026-09-29 04:35:19] pid=1420 ACTIVE cpu=11903.7s(+60.0s) ws=29MB hb={"stage": "build_arb_tau:start", "ts": "2026-09-29 03:18:57", "age_s": 4583.0}
[2026-09-29 04:36:19] pid=1420 ACTIVE cpu=11963.6s(+60.0s) ws=37MB hb={"stage": "build_arb_tau:start", "ts": "2026-09-29 03:18:57", "age_s": 4643.0}
[2026-09-29 04:37:19] pid=1420 ACTIVE cpu=12023.5s(+59.9s) ws=28MB hb={"stage": "build_arb_tau:start", "ts": "2026-09-29 03:18:57", "age_s": 4703.0}
[2026-09-29 04:38:19] pid=1420 ACTIVE cpu=12083.5s(+60.0s) ws=30MB hb={"stage": "build_arb_tau:start", "ts": "2026-09-29 03:18:57", "age_s": 4763.0}
[2026-09-29 04:39:19] pid=1420 ACTIVE cpu=12143.5s(+60.0s) ws=37MB hb={"stage": "build_arb_tau:start", "ts": "2026-09-29 03:18:57", "age_s": 4823.0}
[2026-09-29 04:40:19] pid=1420 ACTIVE cpu=12203.5s(+60.0s) ws=27MB hb={"stage": "build_arb_tau:start", "ts": "2026-09-29 03:18:57", "age_s": 4883.0}
[2026-09-29 04:41:19] pid=1420 ACTIVE cpu=12263.4s(+59.9s) ws=30MB hb={"stage": "build_arb_tau:start", "ts": "2026-09-29 03:18:57", "age_s": 4943.0}
[2026-09-29 04:42:19] pid=1420 ACTIVE cpu=12321.4s(+58.0s) ws=37MB hb={"stage": "build_arb_tau:start", "ts": "2026-09-29 03:18:57", "age_s": 5003.0}
[2026-09-29 04:43:19] pid=1420 ACTIVE cpu=12381.3s(+59.9s) ws=25MB hb={"stage": "build_arb_tau:start", "ts": "2026-09-29 03:18:57", "age_s": 5063.0}
[2026-09-29 04:44:19] pid=1420 ACTIVE cpu=12441.3s(+60.0s) ws=32MB hb={"stage": "build_arb_tau:start", "ts": "2026-09-29 03:18:57", "age_s": 5123.0}
[2026-09-29 04:45:19] pid=1420 ACTIVE cpu=12501.3s(+60.0s) ws=33MB hb={"stage": "build_arb_tau:start", "ts": "2026-09-29 03:18:57", "age_s": 5183.0}
[2026-09-29 04:46:19] pid=1420 ACTIVE cpu=12561.3s(+60.0s) ws=26MB hb={"stage": "build_arb_tau:start", "ts": "2026-09-29 03:18:57", "age_s": 5243.0}
[2026-09-29 04:47:19] pid=1420 ACTIVE cpu=12621.2s(+59.9s) ws=33MB hb={"stage": "build_arb_tau:start", "ts": "2026-09-29 03:18:57", "age_s": 5303.0}
[2026-09-29 04:48:19] pid=1420 ACTIVE cpu=12681.2s(+60.0s) ws=33MB hb={"stage": "build_arb_tau:start", "ts": "2026-09-29 03:18:57", "age_s": 5363.0}
[2026-09-29 04:49:19] pid=1420 ACTIVE cpu=12741.2s(+60.0s) ws=26MB hb={"stage": "build_arb_tau:start", "ts": "2026-09-29 03:18:57", "age_s": 5423.0}
[2026-09-29 04:50:19] pid=1420 ACTIVE cpu=12801.1s(+60.0s) ws=34MB hb={"stage": "build_arb_tau:start", "ts": "2026-09-29 03:18:57", "age_s": 5483.0}
[2026-09-29 04:51:19] pid=1420 ACTIVE cpu=12861.1s(+60.0s) ws=28MB hb={"stage": "build_arb_tau:start", "ts": "2026-09-29 03:18:57", "age_s": 5543.0}
[2026-09-29 04:52:19] pid=1420 ACTIVE cpu=12920.9s(+59.8s) ws=28MB hb={"stage": "build_arb_tau:start", "ts": "2026-09-29 03:18:57", "age_s": 5603.0}
[2026-09-29 04:53:19] pid=1420 ACTIVE cpu=12980.9s(+59.9s) ws=36MB hb={"stage": "build_arb_tau:start", "ts": "2026-09-29 03:18:57", "age_s": 5663.0}
[2026-09-29 04:54:19] pid=1420 ACTIVE cpu=13040.8s(+59.9s) ws=31MB hb={"stage": "build_arb_tau:start", "ts": "2026-09-29 03:18:57", "age_s": 5723.0}
[2026-09-29 04:55:20] pid=1420 ACTIVE cpu=13100.8s(+60.0s) ws=29MB hb={"stage": "build_arb_tau:start", "ts": "2026-09-29 03:18:57", "age_s": 5783.0}
[2026-09-29 04:56:20] pid=1420 ACTIVE cpu=13160.8s(+60.0s) ws=37MB hb={"stage": "build_arb_tau:start", "ts": "2026-09-29 03:18:57", "age_s": 5843.0}
[2026-09-29 04:57:20] pid=1420 ACTIVE cpu=13220.5s(+59.8s) ws=29MB hb={"stage": "build_arb_tau:start", "ts": "2026-09-29 03:18:57", "age_s": 5903.0}
[2026-09-29 04:58:20] pid=1420 ACTIVE cpu=13280.4s(+59.9s) ws=30MB hb={"stage": "build_arb_tau:start", "ts": "2026-09-29 03:18:57", "age_s": 5963.0}
[2026-09-29 04:59:20] pid=1420 ACTIVE cpu=13340.4s(+60.0s) ws=37MB hb={"stage": "build_arb_tau:start", "ts": "2026-09-29 03:18:57", "age_s": 6023.0}
[2026-09-29 05:00:20] pid=1420 ACTIVE cpu=13400.4s(+60.0s) ws=26MB hb={"stage": "build_arb_tau:start", "ts": "2026-09-29 03:18:57", "age_s": 6083.0}
[2026-09-29 05:01:20] pid=1420 ACTIVE cpu=13460.4s(+60.0s) ws=30MB hb={"stage": "build_arb_tau:start", "ts": "2026-09-29 03:18:57", "age_s": 6143.0}
[2026-09-29 05:02:20] pid=1420 ACTIVE cpu=13520.2s(+59.9s) ws=36MB hb={"stage": "build_arb_tau:start", "ts": "2026-09-29 03:18:57", "age_s": 6203.0}
[2026-09-29 05:03:20] pid=1420 ACTIVE cpu=13580.2s(+60.0s) ws=25MB hb={"stage": "build_arb_tau:start", "ts": "2026-09-29 03:18:57", "age_s": 6263.0}
[2026-09-29 05:04:20] pid=1420 ACTIVE cpu=13640.2s(+60.0s) ws=33MB hb={"stage": "build_arb_tau:start", "ts": "2026-09-29 03:18:57", "age_s": 6323.0}
[2026-09-29 05:05:20] pid=1420 ACTIVE cpu=13700.2s(+60.0s) ws=31MB hb={"stage": "build_arb_tau:start", "ts": "2026-09-29 03:18:57", "age_s": 6383.0}
[2026-09-29 05:06:20] pid=1420 ACTIVE cpu=13760.2s(+60.0s) ws=27MB hb={"stage": "build_arb_tau:start", "ts": "2026-09-29 03:18:57", "age_s": 6443.0}
[2026-09-29 05:07:20] pid=1420 ACTIVE cpu=13820.0s(+59.8s) ws=34MB hb={"stage": "build_arb_tau:start", "ts": "2026-09-29 03:18:57", "age_s": 6503.0}
[2026-09-29 05:08:20] pid=1420 ACTIVE cpu=13880.0s(+60.0s) ws=31MB hb={"stage": "build_arb_tau:start", "ts": "2026-09-29 03:18:57", "age_s": 6563.0}
[2026-09-29 05:09:20] pid=1420 ACTIVE cpu=13940.0s(+60.0s) ws=28MB hb={"stage": "build_arb_tau:start", "ts": "2026-09-29 03:18:57", "age_s": 6623.0}
[2026-09-29 05:10:20] pid=1420 ACTIVE cpu=14000.0s(+60.0s) ws=35MB hb={"stage": "build_arb_tau:start", "ts": "2026-09-29 03:18:57", "age_s": 6683.0}
[2026-09-29 05:11:20] pid=1420 ACTIVE cpu=14060.0s(+60.0s) ws=26MB hb={"stage": "build_arb_tau:start", "ts": "2026-09-29 03:18:57", "age_s": 6743.0}
[2026-09-29 05:12:20] pid=1420 ACTIVE cpu=14119.8s(+59.8s) ws=30MB hb={"stage": "build_arb_tau:start", "ts": "2026-09-29 03:18:57", "age_s": 6803.0}
[2026-09-29 05:13:20] pid=1420 ACTIVE cpu=14179.8s(+60.0s) ws=37MB hb={"stage": "build_arb_tau:start", "ts": "2026-09-29 03:18:57", "age_s": 6863.0}
[2026-09-29 05:14:20] pid=1420 ACTIVE cpu=14239.7s(+59.9s) ws=29MB hb={"stage": "build_arb_tau:start", "ts": "2026-09-29 03:18:57", "age_s": 6923.0}
[2026-09-29 05:15:20] pid=1420 ACTIVE cpu=14295.1s(+55.4s) ws=28MB hb={"stage": "build_arb_tau:start", "ts": "2026-09-29 03:18:57", "age_s": 6983.0}
[2026-09-29 05:16:20] pid=1420 ACTIVE cpu=14355.0s(+60.0s) ws=36MB hb={"stage": "build_arb_tau:start", "ts": "2026-09-29 03:18:57", "age_s": 7043.0}
[2026-09-29 05:17:20] pid=1420 ACTIVE cpu=14414.9s(+59.8s) ws=28MB hb={"stage": "build_arb_tau:start", "ts": "2026-09-29 03:18:57", "age_s": 7103.0}
[2026-09-29 05:18:20] pid=1420 ACTIVE cpu=14474.9s(+60.0s) ws=30MB hb={"stage": "build_arb_tau:start", "ts": "2026-09-29 03:18:57", "age_s": 7163.0}
[2026-09-29 05:19:20] pid=1420 ACTIVE cpu=14534.9s(+60.0s) ws=37MB hb={"stage": "build_arb_tau:start", "ts": "2026-09-29 03:18:57", "age_s": 7223.0}
[2026-09-29 05:20:20] pid=1420 ACTIVE cpu=14594.9s(+60.0s) ws=26MB hb={"stage": "build_arb_tau:start", "ts": "2026-09-29 03:18:57", "age_s": 7283.0}
[2026-09-29 05:21:20] pid=1420 ACTIVE cpu=14654.8s(+60.0s) ws=31MB hb={"stage": "build_arb_tau:start", "ts": "2026-09-29 03:18:57", "age_s": 7343.0}
[2026-09-29 05:22:20] pid=1420 ACTIVE cpu=14714.7s(+59.8s) ws=38MB hb={"stage": "build_arb_tau:start", "ts": "2026-09-29 03:18:57", "age_s": 7403.0}
[2026-09-29 05:23:20] pid=1420 ACTIVE cpu=14774.7s(+60.0s) ws=26MB hb={"stage": "build_arb_tau:start", "ts": "2026-09-29 03:18:57", "age_s": 7463.0}
[2026-09-29 05:24:20] pid=1420 ACTIVE cpu=14834.7s(+60.0s) ws=33MB hb={"stage": "build_arb_tau:start", "ts": "2026-09-29 03:18:57", "age_s": 7523.0}
[2026-09-29 05:25:20] pid=1420 ACTIVE cpu=14894.7s(+60.0s) ws=36MB hb={"stage": "build_arb_tau:start", "ts": "2026-09-29 03:18:57", "age_s": 7583.0}
[2026-09-29 05:26:20] pid=1420 ACTIVE cpu=14954.6s(+60.0s) ws=25MB hb={"stage": "build_arb_tau:start", "ts": "2026-09-29 03:18:57", "age_s": 7643.0}
[2026-09-29 05:27:20] pid=1420 ACTIVE cpu=15014.4s(+59.8s) ws=33MB hb={"stage": "build_arb_tau:start", "ts": "2026-09-29 03:18:57", "age_s": 7703.0}
[2026-09-29 05:28:20] pid=1420 ACTIVE cpu=15074.4s(+60.0s) ws=38MB hb={"stage": "build_arb_tau:start", "ts": "2026-09-29 03:18:57", "age_s": 7763.0}
[2026-09-29 05:29:20] pid=1420 ACTIVE cpu=15134.4s(+59.9s) ws=26MB hb={"stage": "build_arb_tau:start", "ts": "2026-09-29 03:18:57", "age_s": 7823.0}
[2026-09-29 05:30:20] pid=1420 ACTIVE cpu=15194.4s(+60.0s) ws=32MB hb={"stage": "build_arb_tau:start", "ts": "2026-09-29 03:18:57", "age_s": 7883.0}
[2026-09-29 05:31:20] pid=1420 ACTIVE cpu=15254.3s(+60.0s) ws=36MB hb={"stage": "build_arb_tau:start", "ts": "2026-09-29 03:18:57", "age_s": 7943.0}
[2026-09-29 05:32:20] pid=1420 ACTIVE cpu=15314.2s(+59.9s) ws=25MB hb={"stage": "build_arb_tau:start", "ts": "2026-09-29 03:18:57", "age_s": 8003.0}
[2026-09-29 05:33:20] pid=1420 ACTIVE cpu=15373.6s(+59.3s) ws=32MB hb={"stage": "build_arb_tau:start", "ts": "2026-09-29 03:18:57", "age_s": 8063.0}
[2026-09-29 05:34:20] pid=1420 ACTIVE cpu=15433.5s(+60.0s) ws=39MB hb={"stage": "build_arb_tau:start", "ts": "2026-09-29 03:18:57", "age_s": 8123.0}
[2026-09-29 05:35:20] pid=1420 ACTIVE cpu=15493.5s(+59.9s) ws=25MB hb={"stage": "build_arb_tau:start", "ts": "2026-09-29 03:18:57", "age_s": 8183.0}
[2026-09-29 05:36:20] pid=1420 ACTIVE cpu=15553.5s(+60.0s) ws=32MB hb={"stage": "build_arb_tau:start", "ts": "2026-09-29 03:18:57", "age_s": 8243.0}
[2026-09-29 05:37:20] pid=1420 ACTIVE cpu=15613.3s(+59.9s) ws=33MB hb={"stage": "build_arb_tau:start", "ts": "2026-09-29 03:18:57", "age_s": 8303.0}
[2026-09-29 05:38:20] pid=1420 ACTIVE cpu=15673.3s(+59.9s) ws=26MB hb={"stage": "build_arb_tau:start", "ts": "2026-09-29 03:18:57", "age_s": 8363.0}
[2026-09-29 05:39:20] pid=1420 ACTIVE cpu=15733.3s(+60.0s) ws=33MB hb={"stage": "build_arb_tau:start", "ts": "2026-09-29 03:18:57", "age_s": 8423.0}
[2026-09-29 05:40:20] pid=1420 ACTIVE cpu=15793.3s(+60.0s) ws=30MB hb={"stage": "build_arb_tau:start", "ts": "2026-09-29 03:18:57", "age_s": 8483.0}
[2026-09-29 05:41:20] pid=1420 ACTIVE cpu=15853.2s(+59.9s) ws=27MB hb={"stage": "build_arb_tau:start", "ts": "2026-09-29 03:18:57", "age_s": 8543.1}
[2026-09-29 05:42:20] pid=1420 ACTIVE cpu=15913.1s(+59.9s) ws=35MB hb={"stage": "build_arb_tau:start", "ts": "2026-09-29 03:18:57", "age_s": 8603.1}
[2026-09-29 05:43:20] pid=1420 ACTIVE cpu=15972.6s(+59.5s) ws=29MB hb={"stage": "build_arb_tau:start", "ts": "2026-09-29 03:18:57", "age_s": 8663.1}
[2026-09-29 05:44:20] pid=1420 ACTIVE cpu=16032.6s(+60.0s) ws=29MB hb={"stage": "build_arb_tau:start", "ts": "2026-09-29 03:18:57", "age_s": 8723.1}
[2026-09-29 05:45:20] pid=1420 ACTIVE cpu=16092.6s(+60.0s) ws=36MB hb={"stage": "build_arb_tau:start", "ts": "2026-09-29 03:18:57", "age_s": 8783.1}
[2026-09-29 05:46:20] pid=1420 ACTIVE cpu=16152.6s(+60.0s) ws=25MB hb={"stage": "build_arb_tau:start", "ts": "2026-09-29 03:18:57", "age_s": 8843.1}
[2026-09-29 05:47:20] pid=1420 ACTIVE cpu=16212.5s(+60.0s) ws=30MB hb={"stage": "build_arb_tau:start", "ts": "2026-09-29 03:18:57", "age_s": 8903.1}
[2026-09-29 05:48:20] pid=1420 ACTIVE cpu=16272.5s(+59.9s) ws=37MB hb={"stage": "build_arb_tau:start", "ts": "2026-09-29 03:18:57", "age_s": 8963.1}
[2026-09-29 05:49:20] pid=1420 ACTIVE cpu=16332.4s(+60.0s) ws=26MB hb={"stage": "build_arb_tau:start", "ts": "2026-09-29 03:18:57", "age_s": 9023.1}
[2026-09-29 05:50:20] pid=1420 ACTIVE cpu=16392.3s(+59.9s) ws=32MB hb={"stage": "build_arb_tau:start", "ts": "2026-09-29 03:18:57", "age_s": 9083.1}
[2026-09-29 05:51:20] pid=1420 ACTIVE cpu=16452.3s(+60.0s) ws=35MB hb={"stage": "build_arb_tau:start", "ts": "2026-09-29 03:18:57", "age_s": 9143.1}
[2026-09-29 05:52:20] pid=1420 ACTIVE cpu=16512.2s(+59.9s) ws=25MB hb={"stage": "build_arb_tau:start", "ts": "2026-09-29 03:18:57", "age_s": 9203.1}
[2026-09-29 05:53:20] pid=1420 ACTIVE cpu=16572.2s(+59.9s) ws=33MB hb={"stage": "build_arb_tau:start", "ts": "2026-09-29 03:18:57", "age_s": 9263.1}
[2026-09-29 05:54:20] pid=1420 ACTIVE cpu=16631.9s(+59.8s) ws=38MB hb={"stage": "build_arb_tau:start", "ts": "2026-09-29 03:18:57", "age_s": 9323.1}
[2026-09-29 05:55:20] pid=1420 ACTIVE cpu=16691.9s(+60.0s) ws=26MB hb={"stage": "build_arb_tau:start", "ts": "2026-09-29 03:18:57", "age_s": 9383.1}
[2026-09-29 05:56:20] pid=1420 ACTIVE cpu=16751.9s(+60.0s) ws=33MB hb={"stage": "build_arb_tau:start", "ts": "2026-09-29 03:18:57", "age_s": 9443.1}
[2026-09-29 05:57:20] pid=1420 ACTIVE cpu=16811.8s(+60.0s) ws=34MB hb={"stage": "build_arb_tau:start", "ts": "2026-09-29 03:18:57", "age_s": 9503.1}
[2026-09-29 05:58:20] pid=1420 ACTIVE cpu=16871.7s(+59.9s) ws=27MB hb={"stage": "build_arb_tau:start", "ts": "2026-09-29 03:18:57", "age_s": 9563.1}
[2026-09-29 05:59:20] pid=1420 ACTIVE cpu=16931.7s(+60.0s) ws=34MB hb={"stage": "build_arb_tau:start", "ts": "2026-09-29 03:18:57", "age_s": 9623.1}
[2026-09-29 06:00:20] pid=1420 ACTIVE cpu=16991.7s(+60.0s) ws=29MB hb={"stage": "build_arb_tau:start", "ts": "2026-09-29 03:18:57", "age_s": 9683.1}
[2026-09-29 06:01:20] pid=1420 ACTIVE cpu=17051.7s(+60.0s) ws=28MB hb={"stage": "build_arb_tau:start", "ts": "2026-09-29 03:18:57", "age_s": 9743.1}
[2026-09-29 06:02:20] pid=1420 ACTIVE cpu=17111.7s(+60.0s) ws=35MB hb={"stage": "build_arb_tau:start", "ts": "2026-09-29 03:18:57", "age_s": 9803.1}
[2026-09-29 06:03:20] pid=1420 ACTIVE cpu=17171.6s(+59.9s) ws=28MB hb={"stage": "build_arb_tau:start", "ts": "2026-09-29 03:18:57", "age_s": 9863.1}
[2026-09-29 06:04:20] pid=1420 ACTIVE cpu=17231.6s(+60.0s) ws=29MB hb={"stage": "build_arb_tau:start", "ts": "2026-09-29 03:18:57", "age_s": 9923.1}
[2026-09-29 06:05:20] pid=1420 ACTIVE cpu=17291.5s(+60.0s) ws=36MB hb={"stage": "build_arb_tau:start", "ts": "2026-09-29 03:18:57", "age_s": 9983.1}
[2026-09-29 06:06:20] pid=1420 ACTIVE cpu=17351.5s(+60.0s) ws=24MB hb={"stage": "build_arb_tau:start", "ts": "2026-09-29 03:18:57", "age_s": 10043.1}
[2026-09-29 06:07:20] pid=1420 ACTIVE cpu=17411.4s(+59.9s) ws=31MB hb={"stage": "build_arb_tau:start", "ts": "2026-09-29 03:18:57", "age_s": 10103.1}
[2026-09-29 06:08:20] pid=1420 ACTIVE cpu=17471.3s(+59.9s) ws=35MB hb={"stage": "build_arb_tau:start", "ts": "2026-09-29 03:18:57", "age_s": 10163.1}
[2026-09-29 06:09:20] pid=1420 ACTIVE cpu=17531.3s(+60.0s) ws=26MB hb={"stage": "build_arb_tau:start", "ts": "2026-09-29 03:18:57", "age_s": 10223.1}
[2026-09-29 06:10:20] pid=1420 ACTIVE cpu=17591.3s(+60.0s) ws=34MB hb={"stage": "build_arb_tau:start", "ts": "2026-09-29 03:18:57", "age_s": 10283.1}
[2026-09-29 06:11:20] pid=1420 ACTIVE cpu=17651.3s(+60.0s) ws=30MB hb={"stage": "build_arb_tau:start", "ts": "2026-09-29 03:18:57", "age_s": 10343.1}
[2026-09-29 06:12:20] pid=1420 ACTIVE cpu=17711.2s(+59.9s) ws=27MB hb={"stage": "build_arb_tau:start", "ts": "2026-09-29 03:18:57", "age_s": 10403.1}
[2026-09-29 06:13:20] pid=1420 ACTIVE cpu=17771.0s(+59.8s) ws=35MB hb={"stage": "build_arb_tau:start", "ts": "2026-09-29 03:18:57", "age_s": 10463.1}
[2026-09-29 06:14:20] pid=1420 ACTIVE cpu=17831.0s(+60.0s) ws=32MB hb={"stage": "build_arb_tau:start", "ts": "2026-09-29 03:18:57", "age_s": 10523.1}
[2026-09-29 06:15:20] pid=1420 ACTIVE cpu=17891.0s(+60.0s) ws=29MB hb={"stage": "build_arb_tau:start", "ts": "2026-09-29 03:18:57", "age_s": 10583.1}
[2026-09-29 06:16:20] pid=1420 ACTIVE cpu=17951.0s(+60.0s) ws=36MB hb={"stage": "build_arb_tau:start", "ts": "2026-09-29 03:18:57", "age_s": 10643.1}
[2026-09-29 06:17:20] pid=1420 ACTIVE cpu=18010.9s(+59.9s) ws=29MB hb={"stage": "build_arb_tau:start", "ts": "2026-09-29 03:18:57", "age_s": 10703.1}
[2026-09-29 06:18:20] pid=1420 ACTIVE cpu=18070.8s(+59.9s) ws=30MB hb={"stage": "build_arb_tau:start", "ts": "2026-09-29 03:18:57", "age_s": 10763.1}
[2026-09-29 06:19:20] pid=1420 ACTIVE cpu=18130.8s(+60.0s) ws=36MB hb={"stage": "build_arb_tau:start", "ts": "2026-09-29 03:18:57", "age_s": 10823.1}
[2026-09-29 06:20:20] pid=1420 ACTIVE cpu=18190.8s(+60.0s) ws=25MB hb={"stage": "build_arb_tau:start", "ts": "2026-09-29 03:18:57", "age_s": 10883.1}
[2026-09-29 06:21:20] pid=1420 ACTIVE cpu=18250.7s(+60.0s) ws=30MB hb={"stage": "build_arb_tau:start", "ts": "2026-09-29 03:18:57", "age_s": 10943.1}
[2026-09-29 06:22:20] pid=1420 ACTIVE cpu=18310.7s(+59.9s) ws=35MB hb={"stage": "build_arb_tau:start", "ts": "2026-09-29 03:18:57", "age_s": 11003.1}
[2026-09-29 06:23:20] pid=1420 ACTIVE cpu=18370.6s(+59.9s) ws=27MB hb={"stage": "build_arb_tau:start", "ts": "2026-09-29 03:18:57", "age_s": 11063.1}
[2026-09-29 06:24:20] pid=1420 ACTIVE cpu=18430.5s(+60.0s) ws=35MB hb={"stage": "build_arb_tau:start", "ts": "2026-09-29 03:18:57", "age_s": 11123.1}
[2026-09-29 06:25:20] pid=1420 ACTIVE cpu=18490.5s(+60.0s) ws=32MB hb={"stage": "build_arb_tau:start", "ts": "2026-09-29 03:18:57", "age_s": 11183.1}
[2026-09-29 06:26:20] pid=1420 ACTIVE cpu=18550.5s(+60.0s) ws=26MB hb={"stage": "build_arb_tau:start", "ts": "2026-09-29 03:18:57", "age_s": 11243.1}
[2026-09-29 06:27:20] pid=1420 ACTIVE cpu=18610.4s(+59.9s) ws=34MB hb={"stage": "build_arb_tau:start", "ts": "2026-09-29 03:18:57", "age_s": 11303.1}
[2026-09-29 06:28:20] pid=1420 ACTIVE cpu=18670.3s(+59.9s) ws=31MB hb={"stage": "build_arb_tau:start", "ts": "2026-09-29 03:18:57", "age_s": 11363.1}
[2026-09-29 06:29:20] pid=1420 ACTIVE cpu=18730.2s(+59.9s) ws=27MB hb={"stage": "build_arb_tau:start", "ts": "2026-09-29 03:18:57", "age_s": 11423.1}
[2026-09-29 06:30:20] pid=1420 ACTIVE cpu=18790.2s(+60.0s) ws=34MB hb={"stage": "build_arb_tau:start", "ts": "2026-09-29 03:18:57", "age_s": 11483.1}
[2026-09-29 06:31:20] pid=1420 ACTIVE cpu=18850.1s(+60.0s) ws=27MB hb={"stage": "build_arb_tau:start", "ts": "2026-09-29 03:18:57", "age_s": 11543.1}
[2026-09-29 06:32:20] pid=1420 ACTIVE cpu=18910.0s(+59.9s) ws=28MB hb={"stage": "build_arb_tau:start", "ts": "2026-09-29 03:18:57", "age_s": 11603.1}
[2026-09-29 06:33:20] pid=1420 ACTIVE cpu=18969.9s(+59.9s) ws=36MB hb={"stage": "build_arb_tau:start", "ts": "2026-09-29 03:18:57", "age_s": 11663.1}
[2026-09-29 06:34:20] pid=1420 ACTIVE cpu=19029.2s(+59.3s) ws=27MB hb={"stage": "build_arb_tau:start", "ts": "2026-09-29 03:18:57", "age_s": 11723.1}
[2026-09-29 06:35:20] pid=1420 ACTIVE cpu=19089.1s(+60.0s) ws=30MB hb={"stage": "build_arb_tau:start", "ts": "2026-09-29 03:18:57", "age_s": 11783.1}
[2026-09-29 06:36:20] pid=1420 ACTIVE cpu=19149.1s(+60.0s) ws=35MB hb={"stage": "build_arb_tau:start", "ts": "2026-09-29 03:18:57", "age_s": 11843.1}
[2026-09-29 06:37:20] pid=1420 ACTIVE cpu=19209.0s(+59.9s) ws=24MB hb={"stage": "build_arb_tau:start", "ts": "2026-09-29 03:18:57", "age_s": 11903.1}
[2026-09-29 06:38:20] pid=1420 ACTIVE cpu=19269.0s(+59.9s) ws=32MB hb={"stage": "build_arb_tau:start", "ts": "2026-09-29 03:18:57", "age_s": 11963.1}
[2026-09-29 06:39:20] pid=1420 ACTIVE cpu=19328.9s(+59.9s) ws=34MB hb={"stage": "build_arb_tau:start", "ts": "2026-09-29 03:18:57", "age_s": 12023.1}
[2026-09-29 06:40:20] pid=1420 ACTIVE cpu=19388.9s(+60.0s) ws=25MB hb={"stage": "build_arb_tau:start", "ts": "2026-09-29 03:18:57", "age_s": 12083.1}
[2026-09-29 06:41:20] pid=1420 ACTIVE cpu=19448.9s(+60.0s) ws=34MB hb={"stage": "build_arb_tau:start", "ts": "2026-09-29 03:18:57", "age_s": 12143.1}
[2026-09-29 06:42:20] pid=1420 ACTIVE cpu=19508.9s(+60.0s) ws=31MB hb={"stage": "build_arb_tau:start", "ts": "2026-09-29 03:18:57", "age_s": 12203.1}
[2026-09-29 06:43:20] pid=1420 ACTIVE cpu=19568.8s(+60.0s) ws=27MB hb={"stage": "build_arb_tau:start", "ts": "2026-09-29 03:18:57", "age_s": 12263.1}
[2026-09-29 06:44:20] pid=1420 ACTIVE cpu=19628.3s(+59.5s) ws=34MB hb={"stage": "build_arb_tau:start", "ts": "2026-09-29 03:18:57", "age_s": 12323.1}
[2026-09-29 06:45:20] pid=1420 ACTIVE cpu=19688.3s(+60.0s) ws=28MB hb={"stage": "build_arb_tau:start", "ts": "2026-09-29 03:18:57", "age_s": 12383.1}
[2026-09-29 06:46:20] pid=1420 ACTIVE cpu=19748.3s(+60.0s) ws=28MB hb={"stage": "build_arb_tau:start", "ts": "2026-09-29 03:18:57", "age_s": 12443.1}
[2026-09-29 06:47:20] pid=1420 ACTIVE cpu=19808.2s(+60.0s) ws=36MB hb={"stage": "build_arb_tau:start", "ts": "2026-09-29 03:18:57", "age_s": 12503.1}
[2026-09-29 06:48:20] pid=1420 ACTIVE cpu=19868.2s(+60.0s) ws=25MB hb={"stage": "build_arb_tau:start", "ts": "2026-09-29 03:18:57", "age_s": 12563.1}
[2026-09-29 06:49:20] pid=1420 ACTIVE cpu=19928.2s(+59.9s) ws=31MB hb={"stage": "build_arb_tau:start", "ts": "2026-09-29 03:18:57", "age_s": 12623.1}
[2026-09-29 06:50:20] pid=1420 ACTIVE cpu=19988.2s(+60.0s) ws=34MB hb={"stage": "build_arb_tau:start", "ts": "2026-09-29 03:18:57", "age_s": 12683.1}
[2026-09-29 06:51:20] pid=1420 ACTIVE cpu=20048.1s(+60.0s) ws=24MB hb={"stage": "build_arb_tau:start", "ts": "2026-09-29 03:18:57", "age_s": 12743.1}
[2026-09-29 06:52:20] pid=1420 ACTIVE cpu=20108.0s(+59.9s) ws=32MB hb={"stage": "build_arb_tau:start", "ts": "2026-09-29 03:18:57", "age_s": 12803.1}
[2026-09-29 06:53:20] pid=1420 ACTIVE cpu=20168.0s(+60.0s) ws=33MB hb={"stage": "build_arb_tau:start", "ts": "2026-09-29 03:18:57", "age_s": 12863.1}
[2026-09-29 06:54:20] pid=1420 ACTIVE cpu=20227.9s(+59.9s) ws=25MB hb={"stage": "build_arb_tau:start", "ts": "2026-09-29 03:18:57", "age_s": 12923.1}
[2026-09-29 06:55:20] pid=1420 ACTIVE cpu=20287.9s(+60.0s) ws=32MB hb={"stage": "build_arb_tau:start", "ts": "2026-09-29 03:18:57", "age_s": 12983.1}
[2026-09-29 06:56:20] pid=1420 ACTIVE cpu=20347.9s(+60.0s) ws=30MB hb={"stage": "build_arb_tau:start", "ts": "2026-09-29 03:18:57", "age_s": 13043.1}
[2026-09-29 06:57:20] pid=1420 ACTIVE cpu=20407.8s(+59.9s) ws=27MB hb={"stage": "build_arb_tau:start", "ts": "2026-09-29 03:18:57", "age_s": 13103.1}
[2026-09-29 06:58:20] pid=1420 ACTIVE cpu=20467.8s(+60.0s) ws=34MB hb={"stage": "build_arb_tau:start", "ts": "2026-09-29 03:18:57", "age_s": 13163.1}
[2026-09-29 06:59:20] pid=1420 ACTIVE cpu=20527.8s(+60.0s) ws=28MB hb={"stage": "build_arb_tau:start", "ts": "2026-09-29 03:18:57", "age_s": 13223.1}
[2026-09-29 07:00:20] pid=1420 ACTIVE cpu=20587.8s(+60.0s) ws=28MB hb={"stage": "build_arb_tau:start", "ts": "2026-09-29 03:18:57", "age_s": 13283.1}
[2026-09-29 07:01:20] pid=1420 ACTIVE cpu=20647.8s(+60.0s) ws=35MB hb={"stage": "build_arb_tau:start", "ts": "2026-09-29 03:18:57", "age_s": 13343.1}
[2026-09-29 07:02:20] pid=1420 ACTIVE cpu=20707.7s(+59.9s) ws=24MB hb={"stage": "build_arb_tau:start", "ts": "2026-09-29 03:18:57", "age_s": 13403.1}
[2026-09-29 07:03:20] pid=1420 ACTIVE cpu=20767.7s(+60.0s) ws=30MB hb={"stage": "build_arb_tau:start", "ts": "2026-09-29 03:18:57", "age_s": 13463.1}
[2026-09-29 07:04:20] pid=1420 ACTIVE cpu=20827.6s(+59.9s) ws=33MB hb={"stage": "build_arb_tau:start", "ts": "2026-09-29 03:18:57", "age_s": 13523.1}
[2026-09-29 07:05:20] pid=1420 ACTIVE cpu=20887.6s(+60.0s) ws=24MB hb={"stage": "build_arb_tau:start", "ts": "2026-09-29 03:18:57", "age_s": 13583.1}
[2026-09-29 07:06:20] pid=1420 ACTIVE cpu=20947.6s(+60.0s) ws=32MB hb={"stage": "build_arb_tau:start", "ts": "2026-09-29 03:18:57", "age_s": 13643.1}
[2026-09-29 07:07:20] pid=1420 ACTIVE cpu=21007.5s(+59.9s) ws=28MB hb={"stage": "build_arb_tau:start", "ts": "2026-09-29 03:18:57", "age_s": 13703.1}
[2026-09-29 07:08:20] pid=1420 ACTIVE cpu=21067.5s(+60.0s) ws=27MB hb={"stage": "build_arb_tau:start", "ts": "2026-09-29 03:18:57", "age_s": 13763.1}
[2026-09-29 07:09:20] pid=1420 ACTIVE cpu=21127.3s(+59.9s) ws=34MB hb={"stage": "build_arb_tau:start", "ts": "2026-09-29 03:18:57", "age_s": 13823.1}
[2026-09-29 07:10:20] pid=1420 ACTIVE cpu=21187.3s(+60.0s) ws=26MB hb={"stage": "build_arb_tau:start", "ts": "2026-09-29 03:18:57", "age_s": 13883.1}
[2026-09-29 07:11:20] pid=1420 ACTIVE cpu=21247.3s(+60.0s) ws=28MB hb={"stage": "build_arb_tau:start", "ts": "2026-09-29 03:18:57", "age_s": 13943.1}
[2026-09-29 07:12:20] pid=1420 ACTIVE cpu=21307.1s(+59.8s) ws=35MB hb={"stage": "build_arb_tau:start", "ts": "2026-09-29 03:18:57", "age_s": 14003.1}
[2026-09-29 07:13:20] pid=1420 ACTIVE cpu=21367.1s(+60.0s) ws=24MB hb={"stage": "build_arb_tau:start", "ts": "2026-09-29 03:18:57", "age_s": 14063.1}
[2026-09-29 07:14:20] pid=1420 ACTIVE cpu=21426.9s(+59.8s) ws=30MB hb={"stage": "build_arb_tau:start", "ts": "2026-09-29 03:18:57", "age_s": 14123.1}
[2026-09-29 07:15:20] pid=1420 ACTIVE cpu=21486.9s(+60.0s) ws=34MB hb={"stage": "build_arb_tau:start", "ts": "2026-09-29 03:18:57", "age_s": 14183.1}
[2026-09-29 07:16:20] pid=1420 ACTIVE cpu=21546.8s(+60.0s) ws=23MB hb={"stage": "build_arb_tau:start", "ts": "2026-09-29 03:18:57", "age_s": 14243.2}
[2026-09-29 07:17:20] pid=1420 ACTIVE cpu=21606.8s(+60.0s) ws=30MB hb={"stage": "build_arb_tau:start", "ts": "2026-09-29 03:18:57", "age_s": 14303.2}
[2026-09-29 07:18:20] pid=1420 ACTIVE cpu=21666.8s(+60.0s) ws=31MB hb={"stage": "build_arb_tau:start", "ts": "2026-09-29 03:18:57", "age_s": 14363.2}
[2026-09-29 07:19:20] pid=1420 ACTIVE cpu=21726.6s(+59.8s) ws=25MB hb={"stage": "build_arb_tau:start", "ts": "2026-09-29 03:18:57", "age_s": 14423.2}
[2026-09-29 07:20:20] pid=1420 ACTIVE cpu=21786.6s(+60.0s) ws=32MB hb={"stage": "build_arb_tau:start", "ts": "2026-09-29 03:18:57", "age_s": 14483.2}
[2026-09-29 07:21:20] pid=1420 ACTIVE cpu=21846.6s(+60.0s) ws=26MB hb={"stage": "build_arb_tau:start", "ts": "2026-09-29 03:18:57", "age_s": 14543.2}
[2026-09-29 07:22:20] pid=1420 ACTIVE cpu=21906.5s(+59.9s) ws=27MB hb={"stage": "build_arb_tau:start", "ts": "2026-09-29 03:18:57", "age_s": 14603.2}
[2026-09-29 07:23:20] pid=1420 ACTIVE cpu=21966.4s(+60.0s) ws=34MB hb={"stage": "build_arb_tau:start", "ts": "2026-09-29 03:18:57", "age_s": 14663.2}
[2026-09-29 07:24:20] pid=1420 ACTIVE cpu=22026.3s(+59.9s) ws=28MB hb={"stage": "build_arb_tau:start", "ts": "2026-09-29 03:18:57", "age_s": 14723.2}
[2026-09-29 07:25:20] pid=1420 ACTIVE cpu=22086.3s(+60.0s) ws=28MB hb={"stage": "build_arb_tau:start", "ts": "2026-09-29 03:18:57", "age_s": 14783.2}
[2026-09-29 07:26:20] pid=1420 ACTIVE cpu=22146.2s(+60.0s) ws=35MB hb={"stage": "build_arb_tau:start", "ts": "2026-09-29 03:18:57", "age_s": 14843.2}
[2026-09-29 07:27:20] pid=1420 ACTIVE cpu=22206.2s(+59.9s) ws=25MB hb={"stage": "build_arb_tau:start", "ts": "2026-09-29 03:18:57", "age_s": 14903.2}
[2026-09-29 07:28:20] pid=1420 ACTIVE cpu=22266.2s(+60.0s) ws=29MB hb={"stage": "build_arb_tau:start", "ts": "2026-09-29 03:18:57", "age_s": 14963.2}
[2026-09-29 07:29:20] pid=1420 ACTIVE cpu=22325.9s(+59.8s) ws=34MB hb={"stage": "build_arb_tau:start", "ts": "2026-09-29 03:18:57", "age_s": 15023.2}
[2026-09-29 07:30:20] pid=1420 ACTIVE cpu=22385.9s(+59.9s) ws=23MB hb={"stage": "build_arb_tau:start", "ts": "2026-09-29 03:18:57", "age_s": 15083.2}
[2026-09-29 07:31:20] pid=1420 ACTIVE cpu=22445.8s(+60.0s) ws=30MB hb={"stage": "build_arb_tau:start", "ts": "2026-09-29 03:18:57", "age_s": 15143.2}
[2026-09-29 07:32:20] pid=1420 ACTIVE cpu=22505.8s(+59.9s) ws=31MB hb={"stage": "build_arb_tau:start", "ts": "2026-09-29 03:18:57", "age_s": 15203.2}
[2026-09-29 07:33:20] pid=1420 ACTIVE cpu=22565.7s(+60.0s) ws=24MB hb={"stage": "build_arb_tau:start", "ts": "2026-09-29 03:18:57", "age_s": 15263.2}
[2026-09-29 07:34:20] pid=1420 ACTIVE cpu=22625.6s(+59.9s) ws=32MB hb={"stage": "build_arb_tau:start", "ts": "2026-09-29 03:18:57", "age_s": 15323.2}
[2026-09-29 07:35:20] pid=1420 ACTIVE cpu=22685.1s(+59.4s) ws=31MB hb={"stage": "build_arb_tau:start", "ts": "2026-09-29 03:18:57", "age_s": 15383.2}
[2026-09-29 07:36:20] pid=1420 ACTIVE cpu=22745.0s(+60.0s) ws=24MB hb={"stage": "build_arb_tau:start", "ts": "2026-09-29 03:18:57", "age_s": 15443.2}
[2026-09-29 07:37:20] pid=1420 ACTIVE cpu=22805.0s(+59.9s) ws=31MB hb={"stage": "build_arb_tau:start", "ts": "2026-09-29 03:18:57", "age_s": 15503.2}
[2026-09-29 07:38:20] pid=1420 ACTIVE cpu=22864.9s(+60.0s) ws=30MB hb={"stage": "build_arb_tau:start", "ts": "2026-09-29 03:18:57", "age_s": 15563.2}
[2026-09-29 07:39:20] pid=1420 ACTIVE cpu=22924.9s(+60.0s) ws=24MB hb={"stage": "build_arb_tau:start", "ts": "2026-09-29 03:18:57", "age_s": 15623.2}
[2026-09-29 07:40:20] pid=1420 ACTIVE cpu=22984.8s(+59.9s) ws=31MB hb={"stage": "build_arb_tau:start", "ts": "2026-09-29 03:18:57", "age_s": 15683.2}
[2026-09-29 07:41:20] pid=1420 ACTIVE cpu=23044.8s(+60.0s) ws=25MB hb={"stage": "build_arb_tau:start", "ts": "2026-09-29 03:18:57", "age_s": 15743.2}
[2026-09-29 07:42:20] pid=1420 ACTIVE cpu=23104.3s(+59.5s) ws=24MB hb={"stage": "build_arb_tau:start", "ts": "2026-09-29 03:18:57", "age_s": 15803.2}
[2026-09-29 07:43:20] pid=1420 ACTIVE cpu=23164.2s(+60.0s) ws=30MB hb={"stage": "build_arb_tau:start", "ts": "2026-09-29 03:18:57", "age_s": 15863.2}
[2026-09-29 07:44:20] pid=1420 ACTIVE cpu=23224.2s(+60.0s) ws=28MB hb={"stage": "build_arb_tau:start", "ts": "2026-09-29 03:18:57", "age_s": 15923.2}
[2026-09-29 07:45:20] pid=1420 ACTIVE cpu=23265.3s(+41.1s) ws=1768MB hb={"stage": "certified_ldlt:start", "ts": "2026-09-29 07:44:58", "age_s": 22.2}
[2026-09-29 07:46:20] pid=1420 ACTIVE cpu=23325.3s(+60.0s) ws=1827MB hb={"stage": "certified_ldlt:start", "ts": "2026-09-29 07:44:58", "age_s": 82.2}
[2026-09-29 07:47:20] pid=1420 ACTIVE cpu=23385.2s(+59.9s) ws=1539MB hb={"stage": "certified_ldlt:start", "ts": "2026-09-29 07:44:58", "age_s": 142.2}
[2026-09-29 07:48:20] pid=1420 ACTIVE cpu=23445.2s(+60.0s) ws=897MB hb={"stage": "certified_ldlt:start", "ts": "2026-09-29 07:44:58", "age_s": 202.2}
[2026-09-29 07:49:20] pid=1420 ACTIVE cpu=23505.2s(+60.0s) ws=650MB hb={"stage": "certified_ldlt:start", "ts": "2026-09-29 07:44:58", "age_s": 262.2}
[2026-09-29 07:50:20] pid=1420 ACTIVE cpu=23565.2s(+60.0s) ws=570MB hb={"stage": "certified_ldlt:start", "ts": "2026-09-29 07:44:58", "age_s": 322.2}
[2026-09-29 07:51:20] pid=1420 ACTIVE cpu=23625.1s(+60.0s) ws=398MB hb={"stage": "certified_ldlt:start", "ts": "2026-09-29 07:44:58", "age_s": 382.2}
[2026-09-29 07:52:20] pid=1420 ACTIVE cpu=23684.9s(+59.8s) ws=437MB hb={"stage": "certified_ldlt:start", "ts": "2026-09-29 07:44:58", "age_s": 442.2}
[2026-09-29 07:53:20] pid=1420 ACTIVE cpu=23744.8s(+59.8s) ws=475MB hb={"stage": "certified_ldlt:start", "ts": "2026-09-29 07:44:58", "age_s": 502.2}
[2026-09-29 07:54:20] pid=1420 ACTIVE cpu=23804.7s(+59.9s) ws=394MB hb={"stage": "certified_ldlt:start", "ts": "2026-09-29 07:44:58", "age_s": 562.2}
[2026-09-29 07:55:20] pid=1420 ACTIVE cpu=23864.7s(+60.0s) ws=432MB hb={"stage": "certified_ldlt:start", "ts": "2026-09-29 07:44:58", "age_s": 622.2}
[2026-09-29 07:56:20] pid=1420 ACTIVE cpu=23924.7s(+60.0s) ws=394MB hb={"stage": "certified_ldlt:start", "ts": "2026-09-29 07:44:58", "age_s": 682.2}
[2026-09-29 07:57:20] pid=1420 ACTIVE cpu=23984.5s(+59.9s) ws=427MB hb={"stage": "certified_ldlt:start", "ts": "2026-09-29 07:44:58", "age_s": 742.2}
[2026-09-29 07:58:20] pid=1420 ACTIVE cpu=24044.5s(+60.0s) ws=422MB hb={"stage": "certified_ldlt:start", "ts": "2026-09-29 07:44:58", "age_s": 802.2}
[2026-09-29 07:59:20] pid=1420 ACTIVE cpu=24104.5s(+60.0s) ws=453MB hb={"stage": "certified_ldlt:start", "ts": "2026-09-29 07:44:58", "age_s": 862.2}
[2026-09-29 08:00:20] pid=1420 ACTIVE cpu=24164.5s(+59.9s) ws=424MB hb={"stage": "certified_ldlt:start", "ts": "2026-09-29 07:44:58", "age_s": 922.2}
[2026-09-29 08:01:20] pid=1420 ACTIVE cpu=24224.4s(+60.0s) ws=451MB hb={"stage": "certified_ldlt:start", "ts": "2026-09-29 07:44:58", "age_s": 982.2}
[2026-09-29 08:02:20] pid=1420 ACTIVE cpu=24284.3s(+59.9s) ws=429MB hb={"stage": "certified_ldlt:start", "ts": "2026-09-29 07:44:58", "age_s": 1042.2}
[2026-09-29 08:03:20] pid=1420 ACTIVE cpu=24344.3s(+60.0s) ws=453MB hb={"stage": "certified_ldlt:start", "ts": "2026-09-29 07:44:58", "age_s": 1102.2}
[2026-09-29 08:04:20] pid=1420 ACTIVE cpu=24404.2s(+59.9s) ws=435MB hb={"stage": "certified_ldlt:start", "ts": "2026-09-29 07:44:58", "age_s": 1162.2}
[2026-09-29 08:05:20] pid=1420 ACTIVE cpu=24464.0s(+59.8s) ws=432MB hb={"stage": "certified_ldlt:start", "ts": "2026-09-29 07:44:58", "age_s": 1222.2}
[2026-09-29 08:06:20] pid=1420 ACTIVE cpu=24524.0s(+60.0s) ws=441MB hb={"stage": "certified_ldlt:start", "ts": "2026-09-29 07:44:58", "age_s": 1282.2}
[2026-09-29 08:07:20] pid=1420 ACTIVE cpu=24583.9s(+59.9s) ws=427MB hb={"stage": "certified_ldlt:start", "ts": "2026-09-29 07:44:58", "age_s": 1342.2}
[2026-09-29 08:08:20] pid=1420 ACTIVE cpu=24643.8s(+59.9s) ws=447MB hb={"stage": "certified_ldlt:start", "ts": "2026-09-29 07:44:58", "age_s": 1402.2}
[2026-09-29 08:09:20] pid=1420 ACTIVE cpu=24703.8s(+60.0s) ws=432MB hb={"stage": "certified_ldlt:start", "ts": "2026-09-29 07:44:58", "age_s": 1462.2}
[2026-09-29 08:10:20] pid=1420 ACTIVE cpu=24763.7s(+59.9s) ws=449MB hb={"stage": "certified_ldlt:start", "ts": "2026-09-29 07:44:58", "age_s": 1522.2}
[2026-09-29 08:11:20] pid=1420 ACTIVE cpu=24823.7s(+60.0s) ws=433MB hb={"stage": "certified_ldlt:start", "ts": "2026-09-29 07:44:58", "age_s": 1582.2}
[2026-09-29 08:12:20] pid=1420 ACTIVE cpu=24883.6s(+59.9s) ws=448MB hb={"stage": "certified_ldlt:start", "ts": "2026-09-29 07:44:58", "age_s": 1642.2}
[2026-09-29 08:13:20] pid=1420 ACTIVE cpu=24943.6s(+60.0s) ws=435MB hb={"stage": "certified_ldlt:start", "ts": "2026-09-29 07:44:58", "age_s": 1702.2}
[2026-09-29 08:14:20] pid=1420 ACTIVE cpu=25003.5s(+59.9s) ws=449MB hb={"stage": "certified_ldlt:start", "ts": "2026-09-29 07:44:58", "age_s": 1762.2}
[2026-09-29 08:15:20] pid=1420 ACTIVE cpu=25060.9s(+57.4s) ws=434MB hb={"stage": "certified_ldlt:start", "ts": "2026-09-29 07:44:58", "age_s": 1822.2}
[2026-09-29 08:16:20] pid=1420 ACTIVE cpu=25120.9s(+60.0s) ws=446MB hb={"stage": "certified_ldlt:start", "ts": "2026-09-29 07:44:58", "age_s": 1882.2}
[2026-09-29 08:17:20] pid=1420 ACTIVE cpu=25180.9s(+60.0s) ws=429MB hb={"stage": "certified_ldlt:start", "ts": "2026-09-29 07:44:58", "age_s": 1942.2}
[2026-09-29 08:18:20] pid=1420 ACTIVE cpu=25240.8s(+60.0s) ws=439MB hb={"stage": "certified_ldlt:start", "ts": "2026-09-29 07:44:58", "age_s": 2002.2}
[2026-09-29 08:19:20] pid=1420 ACTIVE cpu=25300.4s(+59.6s) ws=424MB hb={"stage": "certified_ldlt:start", "ts": "2026-09-29 07:44:58", "age_s": 2062.2}
[2026-09-29 08:20:20] pid=1420 ACTIVE cpu=25358.4s(+58.0s) ws=432MB hb={"stage": "certified_ldlt:start", "ts": "2026-09-29 07:44:58", "age_s": 2122.2}
[2026-09-29 08:21:20] pid=1420 ACTIVE cpu=25418.2s(+59.8s) ws=416MB hb={"stage": "certified_ldlt:start", "ts": "2026-09-29 07:44:58", "age_s": 2182.2}
[2026-09-29 08:22:20] pid=1420 ACTIVE cpu=25477.1s(+58.9s) ws=428MB hb={"stage": "certified_ldlt:start", "ts": "2026-09-29 07:44:58", "age_s": 2242.2}
[2026-09-29 08:23:20] pid=1420 ACTIVE cpu=25535.7s(+58.6s) ws=441MB hb={"stage": "certified_ldlt:start", "ts": "2026-09-29 07:44:58", "age_s": 2302.2}
[2026-09-29 08:24:20] pid=1420 ACTIVE cpu=25594.2s(+58.5s) ws=454MB hb={"stage": "certified_ldlt:start", "ts": "2026-09-29 07:44:58", "age_s": 2362.2}
[2026-09-29 08:25:20] pid=1420 ACTIVE cpu=25653.0s(+58.8s) ws=444MB hb={"stage": "certified_ldlt:start", "ts": "2026-09-29 07:44:58", "age_s": 2422.2}
[2026-09-29 08:26:20] pid=1420 ACTIVE cpu=25712.0s(+59.0s) ws=458MB hb={"stage": "certified_ldlt:start", "ts": "2026-09-29 07:44:58", "age_s": 2482.2}
[2026-09-29 08:27:20] pid=1420 ACTIVE cpu=25771.2s(+59.3s) ws=471MB hb={"stage": "certified_ldlt:start", "ts": "2026-09-29 07:44:58", "age_s": 2542.2}
[2026-09-29 08:28:20] pid=1420 ACTIVE cpu=25828.9s(+57.7s) ws=482MB hb={"stage": "certified_ldlt:start", "ts": "2026-09-29 07:44:58", "age_s": 2602.2}
[2026-09-29 08:29:20] pid=1420 ACTIVE cpu=25887.2s(+58.3s) ws=490MB hb={"stage": "certified_ldlt:start", "ts": "2026-09-29 07:44:58", "age_s": 2662.2}
[2026-09-29 08:30:20] pid=1420 ACTIVE cpu=25946.4s(+59.2s) ws=500MB hb={"stage": "certified_ldlt:start", "ts": "2026-09-29 07:44:58", "age_s": 2722.2}
[2026-09-29 08:31:20] pid=1420 ACTIVE cpu=26005.5s(+59.1s) ws=459MB hb={"stage": "certified_ldlt:start", "ts": "2026-09-29 07:44:58", "age_s": 2782.2}
[2026-09-29 08:32:20] pid=1420 ACTIVE cpu=26063.5s(+58.0s) ws=470MB hb={"stage": "certified_ldlt:start", "ts": "2026-09-29 07:44:58", "age_s": 2842.2}
[2026-09-29 08:33:20] pid=1420 ACTIVE cpu=26123.2s(+59.7s) ws=475MB hb={"stage": "certified_ldlt:start", "ts": "2026-09-29 07:44:58", "age_s": 2902.2}
[2026-09-29 08:34:20] pid=1420 ACTIVE cpu=26183.1s(+59.9s) ws=478MB hb={"stage": "certified_ldlt:start", "ts": "2026-09-29 07:44:58", "age_s": 2962.2}
[2026-09-29 08:35:20] pid=1420 ACTIVE cpu=26243.1s(+59.9s) ws=482MB hb={"stage": "certified_ldlt:start", "ts": "2026-09-29 07:44:58", "age_s": 3022.2}
[2026-09-29 08:36:20] pid=1420 ACTIVE cpu=26302.6s(+59.6s) ws=487MB hb={"stage": "certified_ldlt:start", "ts": "2026-09-29 07:44:58", "age_s": 3082.2}
[2026-09-29 08:37:20] pid=1420 ACTIVE cpu=26362.5s(+59.9s) ws=429MB hb={"stage": "certified_ldlt:start", "ts": "2026-09-29 07:44:58", "age_s": 3142.3}
[2026-09-29 08:38:20] pid=1420 ACTIVE cpu=26422.5s(+59.9s) ws=398MB hb={"stage": "certified_ldlt:start", "ts": "2026-09-29 07:44:58", "age_s": 3202.3}
[2026-09-29 08:39:20] pid=1420 ACTIVE cpu=26482.5s(+60.0s) ws=326MB hb={"stage": "certified_ldlt:start", "ts": "2026-09-29 07:44:58", "age_s": 3262.3}
[2026-09-29 08:40:20] pid=1420 ACTIVE cpu=26542.4s(+59.9s) ws=305MB hb={"stage": "certified_ldlt:start", "ts": "2026-09-29 07:44:58", "age_s": 3322.3}
[2026-09-29 08:41:20] pid=1420 ACTIVE cpu=26602.3s(+60.0s) ws=276MB hb={"stage": "certified_ldlt:start", "ts": "2026-09-29 07:44:58", "age_s": 3382.3}
[2026-09-29 08:42:20] pid=1420 ACTIVE cpu=26661.1s(+58.8s) ws=268MB hb={"stage": "certified_ldlt:start", "ts": "2026-09-29 07:44:58", "age_s": 3442.3}
[2026-09-29 08:43:20] pid=1420 ACTIVE cpu=26721.0s(+60.0s) ws=242MB hb={"stage": "certified_ldlt:start", "ts": "2026-09-29 07:44:58", "age_s": 3502.3}
[2026-09-29 08:44:20] pid=1420 ACTIVE cpu=26780.8s(+59.8s) ws=227MB hb={"stage": "certified_ldlt:start", "ts": "2026-09-29 07:44:58", "age_s": 3562.3}
[2026-09-29 08:45:20] pid=1420 ACTIVE cpu=26839.1s(+58.3s) ws=2130MB hb={"stage": "certified_ldlt:done", "ts": "2026-09-29 08:45:15", "age_s": 5.3}
[2026-09-29 08:46:20] pid=1420 ACTIVE cpu=26898.6s(+59.5s) ws=2316MB hb={"stage": "certified_ldlt:done", "ts": "2026-09-29 08:45:15", "age_s": 65.3}
[2026-09-29 08:47:20] pid=1420 ACTIVE cpu=26958.5s(+59.9s) ws=2321MB hb={"stage": "certified_ldlt:done", "ts": "2026-09-29 08:45:15", "age_s": 125.3}
[2026-09-29 08:48:20] pid=1420 ACTIVE cpu=27018.5s(+60.0s) ws=1436MB hb={"stage": "certified_ldlt:done", "ts": "2026-09-29 08:45:15", "age_s": 185.3}
[2026-09-29 08:49:20] pid=1420 ACTIVE cpu=27078.4s(+59.9s) ws=1203MB hb={"stage": "certified_ldlt:done", "ts": "2026-09-29 08:45:15", "age_s": 245.3}
[2026-09-29 08:50:20] pid=1420 ACTIVE cpu=27138.3s(+59.9s) ws=978MB hb={"stage": "certified_ldlt:done", "ts": "2026-09-29 08:45:15", "age_s": 305.3}
[2026-09-29 08:51:20] pid=1420 ACTIVE cpu=27198.3s(+60.0s) ws=753MB hb={"stage": "certified_ldlt:done", "ts": "2026-09-29 08:45:15", "age_s": 365.3}
[2026-09-29 08:52:20] pid=1420 ACTIVE cpu=27258.1s(+59.9s) ws=767MB hb={"stage": "certified_ldlt:done", "ts": "2026-09-29 08:45:15", "age_s": 425.3}
[2026-09-29 08:53:20] pid=1420 ACTIVE cpu=27318.1s(+60.0s) ws=801MB hb={"stage": "certified_ldlt:done", "ts": "2026-09-29 08:45:15", "age_s": 485.3}
[2026-09-29 08:54:20] pid=1420 ACTIVE cpu=27378.0s(+59.9s) ws=898MB hb={"stage": "certified_ldlt:done", "ts": "2026-09-29 08:45:15", "age_s": 545.3}
[2026-09-29 08:55:20] pid=1420 ACTIVE cpu=27438.0s(+60.0s) ws=785MB hb={"stage": "certified_ldlt:done", "ts": "2026-09-29 08:45:15", "age_s": 605.3}
[2026-09-29 08:56:20] pid=1420 ACTIVE cpu=27498.0s(+60.0s) ws=641MB hb={"stage": "certified_ldlt:done", "ts": "2026-09-29 08:45:15", "age_s": 665.3}
[2026-09-29 08:57:20] pid=1420 ACTIVE cpu=27557.9s(+60.0s) ws=553MB hb={"stage": "certified_ldlt:done", "ts": "2026-09-29 08:45:15", "age_s": 725.3}
[2026-09-29 08:58:20] pid=1420 ACTIVE cpu=27617.9s(+60.0s) ws=523MB hb={"stage": "certified_ldlt:done", "ts": "2026-09-29 08:45:15", "age_s": 785.3}
[2026-09-29 08:59:20] pid=1420 ACTIVE cpu=27677.9s(+60.0s) ws=495MB hb={"stage": "certified_ldlt:done", "ts": "2026-09-29 08:45:15", "age_s": 845.3}
[2026-09-29 09:00:20] pid=1420 ACTIVE cpu=27737.9s(+60.0s) ws=831MB hb={"stage": "certified_ldlt:done", "ts": "2026-09-29 08:45:15", "age_s": 905.3}
[2026-09-29 09:01:20] pid=1420 ACTIVE cpu=27797.9s(+60.0s) ws=722MB hb={"stage": "certified_ldlt:done", "ts": "2026-09-29 08:45:15", "age_s": 965.3}
[2026-09-29 09:02:20] pid=1420 ACTIVE cpu=27857.8s(+59.9s) ws=598MB hb={"stage": "certified_ldlt:done", "ts": "2026-09-29 08:45:15", "age_s": 1025.3}
[2026-09-29 09:03:20] pid=1420 ACTIVE cpu=27917.8s(+60.0s) ws=751MB hb={"stage": "certified_ldlt:done", "ts": "2026-09-29 08:45:15", "age_s": 1085.3}
[2026-09-29 09:04:20] pid=1420 ACTIVE cpu=27977.8s(+60.0s) ws=690MB hb={"stage": "certified_ldlt:done", "ts": "2026-09-29 08:45:15", "age_s": 1145.3}
[2026-09-29 09:05:20] pid=1420 ACTIVE cpu=28037.8s(+60.0s) ws=818MB hb={"stage": "certified_ldlt:done", "ts": "2026-09-29 08:45:15", "age_s": 1205.3}
[2026-09-29 09:06:20] pid=1420 ACTIVE cpu=28097.8s(+60.0s) ws=1011MB hb={"stage": "certified_ldlt:done", "ts": "2026-09-29 08:45:15", "age_s": 1265.3}
[2026-09-29 09:07:20] pid=1420 ACTIVE cpu=28157.7s(+59.9s) ws=831MB hb={"stage": "certified_ldlt:done", "ts": "2026-09-29 08:45:15", "age_s": 1325.3}
[2026-09-29 09:08:20] pid=1420 ACTIVE cpu=28217.7s(+60.0s) ws=737MB hb={"stage": "certified_ldlt:done", "ts": "2026-09-29 08:45:15", "age_s": 1385.3}
[2026-09-29 09:09:20] pid=1420 ACTIVE cpu=28277.6s(+60.0s) ws=691MB hb={"stage": "certified_ldlt:done", "ts": "2026-09-29 08:45:15", "age_s": 1445.3}
[2026-09-29 09:10:20] pid=1420 ACTIVE cpu=28337.6s(+60.0s) ws=650MB hb={"stage": "certified_ldlt:done", "ts": "2026-09-29 08:45:15", "age_s": 1505.3}
[2026-09-29 09:11:20] pid=1420 ACTIVE cpu=28397.6s(+60.0s) ws=680MB hb={"stage": "certified_ldlt:done", "ts": "2026-09-29 08:45:15", "age_s": 1565.3}
[2026-09-29 09:12:20] pid=1420 ACTIVE cpu=28457.5s(+59.9s) ws=716MB hb={"stage": "certified_ldlt:done", "ts": "2026-09-29 08:45:15", "age_s": 1625.3}
[2026-09-29 09:13:20] pid=1420 ACTIVE cpu=28517.5s(+60.0s) ws=1161MB hb={"stage": "certified_ldlt:done", "ts": "2026-09-29 08:45:15", "age_s": 1685.3}
[2026-09-29 09:14:20] pid=1420 ACTIVE cpu=28577.4s(+59.9s) ws=1141MB hb={"stage": "certified_ldlt:done", "ts": "2026-09-29 08:45:15", "age_s": 1745.3}
[2026-09-29 09:15:20] pid=1420 ACTIVE cpu=28637.4s(+60.0s) ws=1212MB hb={"stage": "certified_ldlt:done", "ts": "2026-09-29 08:45:15", "age_s": 1805.3}
[2026-09-29 09:16:20] pid=1420 ACTIVE cpu=28697.3s(+60.0s) ws=815MB hb={"stage": "certified_ldlt:done", "ts": "2026-09-29 08:45:15", "age_s": 1865.3}
[2026-09-29 09:17:20] pid=1420 ACTIVE cpu=28757.3s(+59.9s) ws=666MB hb={"stage": "certified_ldlt:done", "ts": "2026-09-29 08:45:15", "age_s": 1925.3}
[2026-09-29 09:18:20] pid=1420 ACTIVE cpu=28817.2s(+60.0s) ws=737MB hb={"stage": "certified_ldlt:done", "ts": "2026-09-29 08:45:15", "age_s": 1985.3}
[2026-09-29 09:19:20] pid=1420 ACTIVE cpu=28877.2s(+60.0s) ws=715MB hb={"stage": "certified_ldlt:done", "ts": "2026-09-29 08:45:15", "age_s": 2045.3}
[2026-09-29 09:20:20] pid=1420 ACTIVE cpu=28937.2s(+60.0s) ws=768MB hb={"stage": "certified_ldlt:done", "ts": "2026-09-29 08:45:15", "age_s": 2105.3}
[2026-09-29 09:21:20] pid=1420 ACTIVE cpu=28997.2s(+60.0s) ws=626MB hb={"stage": "certified_ldlt:done", "ts": "2026-09-29 08:45:15", "age_s": 2165.3}
[2026-09-29 09:22:20] pid=1420 ACTIVE cpu=29057.1s(+59.9s) ws=901MB hb={"stage": "certified_ldlt:done", "ts": "2026-09-29 08:45:15", "age_s": 2225.3}
[2026-09-29 09:23:20] pid=1420 ACTIVE cpu=29105.4s(+48.3s) ws=841MB hb={"stage": "certified_ldlt:done", "ts": "2026-09-29 08:45:15", "age_s": 2285.3}
[2026-09-29 09:24:20] pid=1420 ACTIVE cpu=29163.4s(+58.0s) ws=828MB hb={"stage": "certified_ldlt:done", "ts": "2026-09-29 08:45:15", "age_s": 2345.3}
[2026-09-29 09:25:20] pid=1420 ACTIVE cpu=29221.2s(+57.8s) ws=951MB hb={"stage": "certified_ldlt:done", "ts": "2026-09-29 08:45:15", "age_s": 2405.3}
[2026-09-29 09:26:20] pid=1420 ACTIVE cpu=29263.0s(+41.8s) ws=44MB hb={"stage": "build_arb_tau:start", "ts": "2026-09-29 09:26:03", "age_s": 17.3}
[2026-09-29 09:27:20] pid=1420 ACTIVE cpu=29322.8s(+59.8s) ws=45MB hb={"stage": "build_arb_tau:start", "ts": "2026-09-29 09:26:03", "age_s": 77.3}
[2026-09-29 09:28:20] pid=1420 ACTIVE cpu=29382.5s(+59.7s) ws=42MB hb={"stage": "build_arb_tau:start", "ts": "2026-09-29 09:26:03", "age_s": 137.3}
[2026-09-29 09:29:20] pid=1420 ACTIVE cpu=29439.7s(+57.2s) ws=38MB hb={"stage": "build_arb_tau:start", "ts": "2026-09-29 09:26:03", "age_s": 197.3}
[2026-09-29 09:30:20] pid=1420 ACTIVE cpu=29497.9s(+58.3s) ws=33MB hb={"stage": "build_arb_tau:start", "ts": "2026-09-29 09:26:03", "age_s": 257.3}
[2026-09-29 09:31:20] pid=1420 ACTIVE cpu=29557.9s(+60.0s) ws=147MB hb={"stage": "build_arb_tau:start", "ts": "2026-09-29 09:26:03", "age_s": 317.3}
[2026-09-29 09:32:20] pid=1420 ACTIVE cpu=29617.8s(+59.9s) ws=152MB hb={"stage": "build_arb_tau:start", "ts": "2026-09-29 09:26:03", "age_s": 377.3}
[2026-09-29 09:33:20] pid=1420 ACTIVE cpu=29677.7s(+60.0s) ws=160MB hb={"stage": "build_arb_tau:start", "ts": "2026-09-29 09:26:03", "age_s": 437.3}
[2026-09-29 09:34:20] pid=1420 ACTIVE cpu=29735.8s(+58.1s) ws=168MB hb={"stage": "build_arb_tau:start", "ts": "2026-09-29 09:26:03", "age_s": 497.3}
[2026-09-29 09:35:20] pid=1420 ACTIVE cpu=29793.8s(+58.0s) ws=175MB hb={"stage": "build_arb_tau:start", "ts": "2026-09-29 09:26:03", "age_s": 557.3}
[2026-09-29 09:36:20] pid=1420 ACTIVE cpu=29853.8s(+60.0s) ws=177MB hb={"stage": "build_arb_tau:start", "ts": "2026-09-29 09:26:03", "age_s": 617.3}
[2026-09-29 09:37:20] pid=1420 ACTIVE cpu=29913.6s(+59.9s) ws=182MB hb={"stage": "build_arb_tau:start", "ts": "2026-09-29 09:26:03", "age_s": 677.3}
[2026-09-29 09:38:20] pid=1420 ACTIVE cpu=29973.6s(+60.0s) ws=163MB hb={"stage": "build_arb_tau:start", "ts": "2026-09-29 09:26:03", "age_s": 737.3}
[2026-09-29 09:39:20] pid=1420 ACTIVE cpu=30033.5s(+59.9s) ws=145MB hb={"stage": "build_arb_tau:start", "ts": "2026-09-29 09:26:03", "age_s": 797.3}
[2026-09-29 09:40:20] pid=1420 ACTIVE cpu=30093.5s(+60.0s) ws=86MB hb={"stage": "build_arb_tau:start", "ts": "2026-09-29 09:26:03", "age_s": 857.3}
[2026-09-29 09:41:20] pid=1420 ACTIVE cpu=30153.5s(+60.0s) ws=84MB hb={"stage": "build_arb_tau:start", "ts": "2026-09-29 09:26:03", "age_s": 917.3}
[2026-09-29 09:42:20] pid=1420 ACTIVE cpu=30213.4s(+59.9s) ws=81MB hb={"stage": "build_arb_tau:start", "ts": "2026-09-29 09:26:03", "age_s": 977.3}
[2026-09-29 09:43:20] pid=1420 ACTIVE cpu=30273.4s(+60.0s) ws=71MB hb={"stage": "build_arb_tau:start", "ts": "2026-09-29 09:26:03", "age_s": 1037.3}
[2026-09-29 09:44:20] pid=1420 ACTIVE cpu=30333.3s(+60.0s) ws=54MB hb={"stage": "build_arb_tau:start", "ts": "2026-09-29 09:26:03", "age_s": 1097.3}
[2026-09-29 09:45:20] pid=1420 ACTIVE cpu=30393.3s(+60.0s) ws=50MB hb={"stage": "build_arb_tau:start", "ts": "2026-09-29 09:26:03", "age_s": 1157.3}
[2026-09-29 09:46:20] pid=1420 ACTIVE cpu=30453.3s(+60.0s) ws=40MB hb={"stage": "build_arb_tau:start", "ts": "2026-09-29 09:26:03", "age_s": 1217.3}
[2026-09-29 09:47:20] pid=1420 ACTIVE cpu=30513.0s(+59.7s) ws=40MB hb={"stage": "build_arb_tau:start", "ts": "2026-09-29 09:26:03", "age_s": 1277.4}
[2026-09-29 09:48:20] pid=1420 ACTIVE cpu=30572.8s(+59.8s) ws=41MB hb={"stage": "build_arb_tau:start", "ts": "2026-09-29 09:26:03", "age_s": 1337.5}
[2026-09-29 09:49:20] pid=1420 ACTIVE cpu=30632.8s(+60.0s) ws=36MB hb={"stage": "build_arb_tau:start", "ts": "2026-09-29 09:26:03", "age_s": 1397.5}
[2026-09-29 09:50:20] pid=1420 ACTIVE cpu=30692.8s(+60.0s) ws=39MB hb={"stage": "build_arb_tau:start", "ts": "2026-09-29 09:26:03", "age_s": 1457.5}
[2026-09-29 09:51:20] pid=1420 ACTIVE cpu=30752.8s(+60.0s) ws=39MB hb={"stage": "build_arb_tau:start", "ts": "2026-09-29 09:26:03", "age_s": 1517.5}
[2026-09-29 09:52:20] pid=1420 ACTIVE cpu=30812.7s(+59.9s) ws=38MB hb={"stage": "build_arb_tau:start", "ts": "2026-09-29 09:26:03", "age_s": 1577.5}
[2026-09-29 09:53:20] pid=1420 ACTIVE cpu=30872.5s(+59.8s) ws=40MB hb={"stage": "build_arb_tau:start", "ts": "2026-09-29 09:26:03", "age_s": 1637.5}
[2026-09-29 09:54:20] pid=1420 ACTIVE cpu=30932.5s(+60.0s) ws=39MB hb={"stage": "build_arb_tau:start", "ts": "2026-09-29 09:26:03", "age_s": 1697.5}
[2026-09-29 09:55:20] pid=1420 ACTIVE cpu=30992.4s(+60.0s) ws=41MB hb={"stage": "build_arb_tau:start", "ts": "2026-09-29 09:26:03", "age_s": 1757.5}
[2026-09-29 09:56:20] pid=1420 ACTIVE cpu=31052.4s(+60.0s) ws=37MB hb={"stage": "build_arb_tau:start", "ts": "2026-09-29 09:26:03", "age_s": 1817.5}
[2026-09-29 09:57:20] pid=1420 ACTIVE cpu=31112.3s(+60.0s) ws=39MB hb={"stage": "build_arb_tau:start", "ts": "2026-09-29 09:26:03", "age_s": 1877.5}
[2026-09-29 09:58:20] pid=1420 ACTIVE cpu=31172.3s(+59.9s) ws=38MB hb={"stage": "build_arb_tau:start", "ts": "2026-09-29 09:26:03", "age_s": 1937.5}
[2026-09-29 09:59:20] pid=1420 ACTIVE cpu=31232.2s(+60.0s) ws=37MB hb={"stage": "build_arb_tau:start", "ts": "2026-09-29 09:26:03", "age_s": 1997.5}
[2026-09-29 10:00:20] pid=1420 ACTIVE cpu=31286.6s(+54.3s) ws=41MB hb={"stage": "build_arb_tau:start", "ts": "2026-09-29 09:26:03", "age_s": 2057.5}
[2026-09-29 10:01:20] pid=1420 ACTIVE cpu=31344.9s(+58.3s) ws=36MB hb={"stage": "build_arb_tau:start", "ts": "2026-09-29 09:26:03", "age_s": 2117.5}
[2026-09-29 10:02:20] pid=1420 ACTIVE cpu=31404.7s(+59.7s) ws=39MB hb={"stage": "build_arb_tau:start", "ts": "2026-09-29 09:26:03", "age_s": 2177.5}
[2026-09-29 10:03:20] pid=1420 ACTIVE cpu=31464.4s(+59.7s) ws=46MB hb={"stage": "build_arb_tau:start", "ts": "2026-09-29 09:26:03", "age_s": 2237.6}
[2026-09-29 10:04:20] pid=1420 ACTIVE cpu=31523.5s(+59.1s) ws=53MB hb={"stage": "build_arb_tau:start", "ts": "2026-09-29 09:26:03", "age_s": 2297.6}
[2026-09-29 10:05:20] pid=1420 ACTIVE cpu=31579.4s(+55.9s) ws=59MB hb={"stage": "build_arb_tau:start", "ts": "2026-09-29 09:26:03", "age_s": 2357.6}
[2026-09-29 10:06:20] pid=1420 ACTIVE cpu=31635.6s(+56.3s) ws=58MB hb={"stage": "build_arb_tau:start", "ts": "2026-09-29 09:26:03", "age_s": 2417.6}
[2026-09-29 10:07:20] pid=1420 ACTIVE cpu=31691.4s(+55.7s) ws=60MB hb={"stage": "build_arb_tau:start", "ts": "2026-09-29 09:26:03", "age_s": 2477.6}
[2026-09-29 10:08:20] pid=1420 ACTIVE cpu=31750.4s(+59.0s) ws=68MB hb={"stage": "build_arb_tau:start", "ts": "2026-09-29 09:26:03", "age_s": 2537.6}
[2026-09-29 10:09:20] pid=1420 ACTIVE cpu=31807.8s(+57.4s) ws=75MB hb={"stage": "build_arb_tau:start", "ts": "2026-09-29 09:26:03", "age_s": 2597.6}
[2026-09-29 10:10:20] pid=1420 ACTIVE cpu=31866.3s(+58.5s) ws=73MB hb={"stage": "build_arb_tau:start", "ts": "2026-09-29 09:26:03", "age_s": 2657.6}
[2026-09-29 10:11:20] pid=1420 ACTIVE cpu=31924.5s(+58.2s) ws=67MB hb={"stage": "build_arb_tau:start", "ts": "2026-09-29 09:26:03", "age_s": 2717.6}
[2026-09-29 10:12:20] pid=1420 ACTIVE cpu=31982.2s(+57.7s) ws=74MB hb={"stage": "build_arb_tau:start", "ts": "2026-09-29 09:26:03", "age_s": 2777.6}
[2026-09-29 10:13:20] pid=1420 ACTIVE cpu=32038.2s(+56.0s) ws=79MB hb={"stage": "build_arb_tau:start", "ts": "2026-09-29 09:26:03", "age_s": 2837.6}
[2026-09-29 10:14:20] pid=1420 ACTIVE cpu=32096.0s(+57.8s) ws=79MB hb={"stage": "build_arb_tau:start", "ts": "2026-09-29 09:26:03", "age_s": 2897.6}
[2026-09-29 10:15:20] pid=1420 ACTIVE cpu=32154.5s(+58.4s) ws=75MB hb={"stage": "build_arb_tau:start", "ts": "2026-09-29 09:26:03", "age_s": 2957.6}
[2026-09-29 10:16:20] pid=1420 ACTIVE cpu=32211.9s(+57.4s) ws=74MB hb={"stage": "build_arb_tau:start", "ts": "2026-09-29 09:26:03", "age_s": 3017.6}
[2026-09-29 10:17:20] pid=1420 ACTIVE cpu=32270.1s(+58.2s) ws=79MB hb={"stage": "build_arb_tau:start", "ts": "2026-09-29 09:26:03", "age_s": 3077.6}
[2026-09-29 10:18:20] pid=1420 ACTIVE cpu=32328.2s(+58.1s) ws=81MB hb={"stage": "build_arb_tau:start", "ts": "2026-09-29 09:26:03", "age_s": 3137.6}
[2026-09-29 10:19:20] pid=1420 ACTIVE cpu=32385.9s(+57.8s) ws=78MB hb={"stage": "build_arb_tau:start", "ts": "2026-09-29 09:26:03", "age_s": 3197.6}
[2026-09-29 10:20:20] pid=1420 ACTIVE cpu=32442.7s(+56.8s) ws=85MB hb={"stage": "build_arb_tau:start", "ts": "2026-09-29 09:26:03", "age_s": 3257.6}
[2026-09-29 10:21:20] pid=1420 ACTIVE cpu=32502.7s(+60.0s) ws=83MB hb={"stage": "build_arb_tau:start", "ts": "2026-09-29 09:26:03", "age_s": 3317.6}
[2026-09-29 10:22:20] pid=1420 ACTIVE cpu=32560.5s(+57.8s) ws=75MB hb={"stage": "build_arb_tau:start", "ts": "2026-09-29 09:26:03", "age_s": 3377.6}
[2026-09-29 10:23:20] pid=1420 ACTIVE cpu=32618.6s(+58.1s) ws=78MB hb={"stage": "build_arb_tau:start", "ts": "2026-09-29 09:26:03", "age_s": 3437.6}
[2026-09-29 10:24:20] pid=1420 ACTIVE cpu=32678.5s(+59.9s) ws=80MB hb={"stage": "build_arb_tau:start", "ts": "2026-09-29 09:26:03", "age_s": 3497.6}
[2026-09-29 10:25:20] pid=1420 ACTIVE cpu=32738.5s(+60.0s) ws=83MB hb={"stage": "build_arb_tau:start", "ts": "2026-09-29 09:26:03", "age_s": 3557.6}
[2026-09-29 10:26:20] pid=1420 ACTIVE cpu=32798.4s(+60.0s) ws=88MB hb={"stage": "build_arb_tau:start", "ts": "2026-09-29 09:26:03", "age_s": 3617.6}
[2026-09-29 10:27:20] pid=1420 ACTIVE cpu=32858.1s(+59.6s) ws=90MB hb={"stage": "build_arb_tau:start", "ts": "2026-09-29 09:26:03", "age_s": 3677.6}
[2026-09-29 10:28:20] pid=1420 ACTIVE cpu=32917.9s(+59.9s) ws=68MB hb={"stage": "build_arb_tau:start", "ts": "2026-09-29 09:26:03", "age_s": 3737.6}
[2026-09-29 10:29:20] pid=1420 ACTIVE cpu=32977.9s(+59.9s) ws=54MB hb={"stage": "build_arb_tau:start", "ts": "2026-09-29 09:26:03", "age_s": 3797.6}
[2026-09-29 10:30:20] pid=1420 ACTIVE cpu=33037.8s(+60.0s) ws=48MB hb={"stage": "build_arb_tau:start", "ts": "2026-09-29 09:26:03", "age_s": 3857.6}
[2026-09-29 10:31:20] pid=1420 ACTIVE cpu=33097.8s(+59.9s) ws=46MB hb={"stage": "build_arb_tau:start", "ts": "2026-09-29 09:26:03", "age_s": 3917.6}
[2026-09-29 10:32:20] pid=1420 ACTIVE cpu=33155.0s(+57.2s) ws=39MB hb={"stage": "build_arb_tau:start", "ts": "2026-09-29 09:26:03", "age_s": 3977.6}
[2026-09-29 10:33:20] pid=1420 ACTIVE cpu=33213.0s(+58.1s) ws=44MB hb={"stage": "build_arb_tau:start", "ts": "2026-09-29 09:26:03", "age_s": 4037.6}
[2026-09-29 10:34:20] pid=1420 ACTIVE cpu=33273.0s(+60.0s) ws=47MB hb={"stage": "build_arb_tau:start", "ts": "2026-09-29 09:26:03", "age_s": 4097.6}
[2026-09-29 10:35:20] pid=1420 ACTIVE cpu=33332.2s(+59.2s) ws=54MB hb={"stage": "build_arb_tau:start", "ts": "2026-09-29 09:26:03", "age_s": 4157.6}
[2026-09-29 10:36:20] pid=1420 ACTIVE cpu=33392.2s(+59.9s) ws=62MB hb={"stage": "build_arb_tau:start", "ts": "2026-09-29 09:26:03", "age_s": 4217.6}
[2026-09-29 10:37:20] pid=1420 ACTIVE cpu=33449.1s(+56.9s) ws=67MB hb={"stage": "build_arb_tau:start", "ts": "2026-09-29 09:26:03", "age_s": 4277.6}
[2026-09-29 10:38:20] pid=1420 ACTIVE cpu=33508.2s(+59.1s) ws=75MB hb={"stage": "build_arb_tau:start", "ts": "2026-09-29 09:26:03", "age_s": 4337.6}
[2026-09-29 10:39:20] pid=1420 ACTIVE cpu=33566.0s(+57.8s) ws=79MB hb={"stage": "build_arb_tau:start", "ts": "2026-09-29 09:26:03", "age_s": 4397.6}
[2026-09-29 10:40:20] pid=1420 ACTIVE cpu=33625.8s(+59.8s) ws=83MB hb={"stage": "build_arb_tau:start", "ts": "2026-09-29 09:26:03", "age_s": 4457.6}
[2026-09-29 10:41:20] pid=1420 ACTIVE cpu=33685.8s(+60.0s) ws=80MB hb={"stage": "build_arb_tau:start", "ts": "2026-09-29 09:26:03", "age_s": 4517.6}
[2026-09-29 10:42:20] pid=1420 ACTIVE cpu=33744.4s(+58.6s) ws=83MB hb={"stage": "build_arb_tau:start", "ts": "2026-09-29 09:26:03", "age_s": 4577.6}
[2026-09-29 10:43:20] pid=1420 ACTIVE cpu=33804.0s(+59.7s) ws=91MB hb={"stage": "build_arb_tau:start", "ts": "2026-09-29 09:26:03", "age_s": 4637.6}
[2026-09-29 10:44:20] pid=1420 ACTIVE cpu=33864.0s(+59.9s) ws=92MB hb={"stage": "build_arb_tau:start", "ts": "2026-09-29 09:26:03", "age_s": 4697.6}
[2026-09-29 10:45:20] pid=1420 ACTIVE cpu=33923.9s(+60.0s) ws=83MB hb={"stage": "build_arb_tau:start", "ts": "2026-09-29 09:26:03", "age_s": 4757.6}
[2026-09-29 10:46:20] pid=1420 ACTIVE cpu=33983.9s(+59.9s) ws=90MB hb={"stage": "build_arb_tau:start", "ts": "2026-09-29 09:26:03", "age_s": 4817.6}
[2026-09-29 10:47:20] pid=1420 ACTIVE cpu=34043.7s(+59.9s) ws=98MB hb={"stage": "build_arb_tau:start", "ts": "2026-09-29 09:26:03", "age_s": 4877.6}
[2026-09-29 10:48:20] pid=1420 ACTIVE cpu=34103.6s(+59.9s) ws=71MB hb={"stage": "build_arb_tau:start", "ts": "2026-09-29 09:26:03", "age_s": 4937.6}
[2026-09-29 10:49:20] pid=1420 ACTIVE cpu=34163.0s(+59.4s) ws=57MB hb={"stage": "build_arb_tau:start", "ts": "2026-09-29 09:26:03", "age_s": 4997.6}
[2026-09-29 10:50:20] pid=1420 ACTIVE cpu=34223.0s(+60.0s) ws=49MB hb={"stage": "build_arb_tau:start", "ts": "2026-09-29 09:26:03", "age_s": 5057.6}
[2026-09-29 10:51:20] pid=1420 ACTIVE cpu=34282.9s(+59.9s) ws=44MB hb={"stage": "build_arb_tau:start", "ts": "2026-09-29 09:26:03", "age_s": 5117.6}
[2026-09-29 10:52:20] pid=1420 ACTIVE cpu=34340.5s(+57.6s) ws=42MB hb={"stage": "build_arb_tau:start", "ts": "2026-09-29 09:26:03", "age_s": 5177.6}
[2026-09-29 10:53:20] pid=1420 ACTIVE cpu=34397.4s(+56.9s) ws=42MB hb={"stage": "build_arb_tau:start", "ts": "2026-09-29 09:26:03", "age_s": 5237.6}
[2026-09-29 10:54:20] pid=1420 ACTIVE cpu=34454.3s(+56.8s) ws=49MB hb={"stage": "build_arb_tau:start", "ts": "2026-09-29 09:26:03", "age_s": 5297.6}
[2026-09-29 10:55:20] pid=1420 ACTIVE cpu=34512.9s(+58.7s) ws=55MB hb={"stage": "build_arb_tau:start", "ts": "2026-09-29 09:26:03", "age_s": 5357.6}
[2026-09-29 10:56:20] pid=1420 ACTIVE cpu=34571.9s(+59.0s) ws=58MB hb={"stage": "build_arb_tau:start", "ts": "2026-09-29 09:26:03", "age_s": 5417.6}
[2026-09-29 10:57:20] pid=1420 ACTIVE cpu=34628.0s(+56.1s) ws=60MB hb={"stage": "build_arb_tau:start", "ts": "2026-09-29 09:26:03", "age_s": 5477.6}
[2026-09-29 10:58:20] pid=1420 ACTIVE cpu=34685.9s(+58.0s) ws=64MB hb={"stage": "build_arb_tau:start", "ts": "2026-09-29 09:26:03", "age_s": 5537.6}
[2026-09-29 10:59:20] pid=1420 ACTIVE cpu=34744.6s(+58.7s) ws=64MB hb={"stage": "build_arb_tau:start", "ts": "2026-09-29 09:26:03", "age_s": 5597.6}
[2026-09-29 11:00:20] pid=1420 ACTIVE cpu=34794.9s(+50.3s) ws=66MB hb={"stage": "build_arb_tau:start", "ts": "2026-09-29 09:26:03", "age_s": 5657.7}
[2026-09-29 11:01:20] pid=1420 ACTIVE cpu=34852.2s(+57.3s) ws=67MB hb={"stage": "build_arb_tau:start", "ts": "2026-09-29 09:26:03", "age_s": 5717.7}
[2026-09-29 11:02:20] pid=1420 ACTIVE cpu=34910.2s(+58.0s) ws=72MB hb={"stage": "build_arb_tau:start", "ts": "2026-09-29 09:26:03", "age_s": 5777.7}
[2026-09-29 11:03:20] pid=1420 ACTIVE cpu=34967.9s(+57.7s) ws=79MB hb={"stage": "build_arb_tau:start", "ts": "2026-09-29 09:26:03", "age_s": 5837.7}
[2026-09-29 11:04:20] pid=1420 ACTIVE cpu=35026.6s(+58.7s) ws=85MB hb={"stage": "build_arb_tau:start", "ts": "2026-09-29 09:26:03", "age_s": 5897.7}
[2026-09-29 11:05:20] pid=1420 ACTIVE cpu=35085.3s(+58.7s) ws=77MB hb={"stage": "build_arb_tau:start", "ts": "2026-09-29 09:26:03", "age_s": 5957.7}
[2026-09-29 11:06:20] pid=1420 ACTIVE cpu=35145.2s(+59.8s) ws=76MB hb={"stage": "build_arb_tau:start", "ts": "2026-09-29 09:26:03", "age_s": 6017.7}
[2026-09-29 11:07:20] pid=1420 ACTIVE cpu=35205.0s(+59.8s) ws=79MB hb={"stage": "build_arb_tau:start", "ts": "2026-09-29 09:26:03", "age_s": 6077.7}
[2026-09-29 11:08:20] pid=1420 ACTIVE cpu=35264.7s(+59.7s) ws=86MB hb={"stage": "build_arb_tau:start", "ts": "2026-09-29 09:26:03", "age_s": 6137.7}
[2026-09-29 11:09:20] pid=1420 ACTIVE cpu=35324.4s(+59.7s) ws=89MB hb={"stage": "build_arb_tau:start", "ts": "2026-09-29 09:26:03", "age_s": 6197.7}
[2026-09-29 11:10:20] pid=1420 ACTIVE cpu=35383.5s(+59.1s) ws=84MB hb={"stage": "build_arb_tau:start", "ts": "2026-09-29 09:26:03", "age_s": 6257.7}
[2026-09-29 11:11:20] pid=1420 ACTIVE cpu=35439.8s(+56.2s) ws=87MB hb={"stage": "build_arb_tau:start", "ts": "2026-09-29 09:26:03", "age_s": 6317.7}
[2026-09-29 11:12:20] pid=1420 ACTIVE cpu=35497.9s(+58.2s) ws=94MB hb={"stage": "build_arb_tau:start", "ts": "2026-09-29 09:26:03", "age_s": 6377.7}
[2026-09-29 11:13:20] pid=1420 ACTIVE cpu=35557.5s(+59.5s) ws=93MB hb={"stage": "build_arb_tau:start", "ts": "2026-09-29 09:26:03", "age_s": 6437.7}
[2026-09-29 11:14:20] pid=1420 ACTIVE cpu=35617.4s(+59.9s) ws=91MB hb={"stage": "build_arb_tau:start", "ts": "2026-09-29 09:26:03", "age_s": 6497.7}
[2026-09-29 11:15:20] pid=1420 ACTIVE cpu=35676.9s(+59.5s) ws=87MB hb={"stage": "build_arb_tau:start", "ts": "2026-09-29 09:26:03", "age_s": 6557.7}
[2026-09-29 11:16:20] pid=1420 ACTIVE cpu=35734.0s(+57.1s) ws=85MB hb={"stage": "build_arb_tau:start", "ts": "2026-09-29 09:26:03", "age_s": 6617.7}
[2026-09-29 11:17:20] pid=1420 ACTIVE cpu=35793.9s(+59.9s) ws=93MB hb={"stage": "build_arb_tau:start", "ts": "2026-09-29 09:26:03", "age_s": 6677.7}
[2026-09-29 11:18:20] pid=1420 ACTIVE cpu=35853.8s(+59.9s) ws=96MB hb={"stage": "build_arb_tau:start", "ts": "2026-09-29 09:26:03", "age_s": 6737.7}
[2026-09-29 11:19:20] pid=1420 ACTIVE cpu=35911.6s(+57.8s) ws=86MB hb={"stage": "build_arb_tau:start", "ts": "2026-09-29 09:26:03", "age_s": 6797.7}
[2026-09-29 11:20:20] pid=1420 ACTIVE cpu=35971.5s(+59.9s) ws=87MB hb={"stage": "build_arb_tau:start", "ts": "2026-09-29 09:26:03", "age_s": 6857.7}
[2026-09-29 11:21:20] pid=1420 ACTIVE cpu=36029.7s(+58.2s) ws=91MB hb={"stage": "build_arb_tau:start", "ts": "2026-09-29 09:26:03", "age_s": 6917.7}
[2026-09-29 11:22:20] pid=1420 ACTIVE cpu=36087.5s(+57.7s) ws=97MB hb={"stage": "build_arb_tau:start", "ts": "2026-09-29 09:26:03", "age_s": 6977.7}
[2026-09-29 11:23:20] pid=1420 ACTIVE cpu=36147.3s(+59.9s) ws=101MB hb={"stage": "build_arb_tau:start", "ts": "2026-09-29 09:26:03", "age_s": 7037.7}
[2026-09-29 11:24:20] pid=1420 ACTIVE cpu=36207.3s(+60.0s) ws=93MB hb={"stage": "build_arb_tau:start", "ts": "2026-09-29 09:26:03", "age_s": 7097.7}
[2026-09-29 11:25:20] pid=1420 ACTIVE cpu=36267.1s(+59.8s) ws=90MB hb={"stage": "build_arb_tau:start", "ts": "2026-09-29 09:26:03", "age_s": 7157.7}
[2026-09-29 11:26:20] pid=1420 ACTIVE cpu=36327.0s(+60.0s) ws=97MB hb={"stage": "build_arb_tau:start", "ts": "2026-09-29 09:26:03", "age_s": 7217.7}
[2026-09-29 11:27:20] pid=1420 ACTIVE cpu=36386.9s(+59.9s) ws=99MB hb={"stage": "build_arb_tau:start", "ts": "2026-09-29 09:26:03", "age_s": 7277.7}
[2026-09-29 11:28:20] pid=1420 ACTIVE cpu=36446.8s(+59.9s) ws=74MB hb={"stage": "build_arb_tau:start", "ts": "2026-09-29 09:26:03", "age_s": 7337.7}
[2026-09-29 11:29:20] pid=1420 ACTIVE cpu=36506.8s(+60.0s) ws=62MB hb={"stage": "build_arb_tau:start", "ts": "2026-09-29 09:26:03", "age_s": 7397.7}
[2026-09-29 11:30:20] pid=1420 ACTIVE cpu=36566.8s(+60.0s) ws=46MB hb={"stage": "build_arb_tau:start", "ts": "2026-09-29 09:26:03", "age_s": 7457.7}
[2026-09-29 11:31:20] pid=1420 ACTIVE cpu=36626.7s(+59.9s) ws=38MB hb={"stage": "build_arb_tau:start", "ts": "2026-09-29 09:26:03", "age_s": 7517.7}
[2026-09-29 11:32:20] pid=1420 ACTIVE cpu=36686.6s(+59.9s) ws=40MB hb={"stage": "build_arb_tau:start", "ts": "2026-09-29 09:26:03", "age_s": 7577.7}
[2026-09-29 11:33:20] pid=1420 ACTIVE cpu=36745.1s(+58.6s) ws=38MB hb={"stage": "build_arb_tau:start", "ts": "2026-09-29 09:26:03", "age_s": 7637.7}
[2026-09-29 11:34:20] pid=1420 ACTIVE cpu=36801.7s(+56.6s) ws=40MB hb={"stage": "build_arb_tau:start", "ts": "2026-09-29 09:26:03", "age_s": 7697.7}
[2026-09-29 11:35:20] pid=1420 ACTIVE cpu=36859.9s(+58.2s) ws=37MB hb={"stage": "build_arb_tau:start", "ts": "2026-09-29 09:26:03", "age_s": 7757.7}
[2026-09-29 11:36:20] pid=1420 ACTIVE cpu=36919.6s(+59.6s) ws=36MB hb={"stage": "build_arb_tau:start", "ts": "2026-09-29 09:26:03", "age_s": 7817.7}
[2026-09-29 11:37:20] pid=1420 ACTIVE cpu=36979.5s(+59.9s) ws=36MB hb={"stage": "build_arb_tau:start", "ts": "2026-09-29 09:26:03", "age_s": 7877.7}
[2026-09-29 11:38:20] pid=1420 ACTIVE cpu=37039.4s(+59.9s) ws=45MB hb={"stage": "build_arb_tau:start", "ts": "2026-09-29 09:26:03", "age_s": 7937.7}
[2026-09-29 11:39:20] pid=1420 ACTIVE cpu=37098.7s(+59.3s) ws=51MB hb={"stage": "build_arb_tau:start", "ts": "2026-09-29 09:26:03", "age_s": 7997.7}
[2026-09-29 11:40:20] pid=1420 ACTIVE cpu=37156.5s(+57.8s) ws=58MB hb={"stage": "build_arb_tau:start", "ts": "2026-09-29 09:26:03", "age_s": 8057.7}
[2026-09-29 11:41:20] pid=1420 ACTIVE cpu=37216.4s(+60.0s) ws=59MB hb={"stage": "build_arb_tau:start", "ts": "2026-09-29 09:26:03", "age_s": 8117.7}
[2026-09-29 11:42:20] pid=1420 ACTIVE cpu=37276.3s(+59.9s) ws=66MB hb={"stage": "build_arb_tau:start", "ts": "2026-09-29 09:26:03", "age_s": 8177.7}
[2026-09-29 11:43:20] pid=1420 ACTIVE cpu=37336.2s(+59.9s) ws=72MB hb={"stage": "build_arb_tau:start", "ts": "2026-09-29 09:26:03", "age_s": 8237.7}
[2026-09-29 11:44:20] pid=1420 ACTIVE cpu=37396.0s(+59.8s) ws=80MB hb={"stage": "build_arb_tau:start", "ts": "2026-09-29 09:26:03", "age_s": 8297.7}
[2026-09-29 11:45:20] pid=1420 ACTIVE cpu=37455.9s(+59.9s) ws=89MB hb={"stage": "build_arb_tau:start", "ts": "2026-09-29 09:26:03", "age_s": 8357.7}
[2026-09-29 11:46:20] pid=1420 ACTIVE cpu=37515.9s(+59.9s) ws=89MB hb={"stage": "build_arb_tau:start", "ts": "2026-09-29 09:26:03", "age_s": 8417.7}
[2026-09-29 11:47:20] pid=1420 ACTIVE cpu=37573.8s(+57.9s) ws=81MB hb={"stage": "build_arb_tau:start", "ts": "2026-09-29 09:26:03", "age_s": 8477.7}
[2026-09-29 11:48:20] pid=1420 ACTIVE cpu=37633.5s(+59.8s) ws=66MB hb={"stage": "build_arb_tau:start", "ts": "2026-09-29 09:26:03", "age_s": 8537.7}
[2026-09-29 11:49:20] pid=1420 ACTIVE cpu=37693.4s(+59.9s) ws=47MB hb={"stage": "build_arb_tau:start", "ts": "2026-09-29 09:26:03", "age_s": 8597.7}
[2026-09-29 11:50:20] pid=1420 ACTIVE cpu=37750.8s(+57.4s) ws=49MB hb={"stage": "build_arb_tau:start", "ts": "2026-09-29 09:26:03", "age_s": 8657.7}
[2026-09-29 11:51:20] pid=1420 ACTIVE cpu=37810.8s(+59.9s) ws=41MB hb={"stage": "build_arb_tau:start", "ts": "2026-09-29 09:26:03", "age_s": 8717.7}
[2026-09-29 11:52:20] pid=1420 ACTIVE cpu=37870.6s(+59.8s) ws=38MB hb={"stage": "build_arb_tau:start", "ts": "2026-09-29 09:26:03", "age_s": 8777.7}
[2026-09-29 11:53:20] pid=1420 ACTIVE cpu=37930.5s(+59.9s) ws=42MB hb={"stage": "build_arb_tau:start", "ts": "2026-09-29 09:26:03", "age_s": 8837.7}
[2026-09-29 11:54:20] pid=1420 ACTIVE cpu=37990.4s(+59.9s) ws=49MB hb={"stage": "build_arb_tau:start", "ts": "2026-09-29 09:26:03", "age_s": 8897.7}
[2026-09-29 11:55:20] pid=1420 ACTIVE cpu=38050.3s(+59.9s) ws=54MB hb={"stage": "build_arb_tau:start", "ts": "2026-09-29 09:26:03", "age_s": 8957.7}
[2026-09-29 11:56:20] pid=1420 ACTIVE cpu=38110.3s(+60.0s) ws=62MB hb={"stage": "build_arb_tau:start", "ts": "2026-09-29 09:26:03", "age_s": 9017.7}
[2026-09-29 11:57:20] pid=1420 ACTIVE cpu=38170.2s(+59.8s) ws=69MB hb={"stage": "build_arb_tau:start", "ts": "2026-09-29 09:26:03", "age_s": 9077.7}
[2026-09-29 11:58:20] pid=1420 ACTIVE cpu=38230.1s(+59.9s) ws=59MB hb={"stage": "build_arb_tau:start", "ts": "2026-09-29 09:26:03", "age_s": 9137.7}
[2026-09-29 11:59:20] pid=1420 ACTIVE cpu=38290.0s(+60.0s) ws=48MB hb={"stage": "build_arb_tau:start", "ts": "2026-09-29 09:26:03", "age_s": 9197.7}
[2026-09-29 12:00:20] pid=1420 ACTIVE cpu=38349.9s(+59.9s) ws=41MB hb={"stage": "build_arb_tau:start", "ts": "2026-09-29 09:26:03", "age_s": 9257.7}
[2026-09-29 12:01:20] pid=1420 ACTIVE cpu=38409.9s(+60.0s) ws=36MB hb={"stage": "build_arb_tau:start", "ts": "2026-09-29 09:26:03", "age_s": 9317.7}
[2026-09-29 12:02:20] pid=1420 ACTIVE cpu=38468.9s(+59.0s) ws=41MB hb={"stage": "build_arb_tau:start", "ts": "2026-09-29 09:26:03", "age_s": 9377.7}
[2026-09-29 12:03:20] pid=1420 ACTIVE cpu=38528.8s(+59.9s) ws=36MB hb={"stage": "build_arb_tau:start", "ts": "2026-09-29 09:26:03", "age_s": 9437.7}
[2026-09-29 12:04:20] pid=1420 ACTIVE cpu=38588.7s(+59.9s) ws=35MB hb={"stage": "build_arb_tau:start", "ts": "2026-09-29 09:26:03", "age_s": 9497.7}
[2026-09-29 12:05:20] pid=1420 ACTIVE cpu=38648.5s(+59.8s) ws=37MB hb={"stage": "build_arb_tau:start", "ts": "2026-09-29 09:26:03", "age_s": 9557.7}
[2026-09-29 12:06:20] pid=1420 ACTIVE cpu=38708.5s(+60.0s) ws=35MB hb={"stage": "build_arb_tau:start", "ts": "2026-09-29 09:26:03", "age_s": 9617.7}
[2026-09-29 12:07:20] pid=1420 ACTIVE cpu=38768.4s(+59.9s) ws=38MB hb={"stage": "build_arb_tau:start", "ts": "2026-09-29 09:26:03", "age_s": 9677.7}
[2026-09-29 12:08:20] pid=1420 ACTIVE cpu=38828.3s(+59.9s) ws=35MB hb={"stage": "build_arb_tau:start", "ts": "2026-09-29 09:26:03", "age_s": 9737.7}
[2026-09-29 12:09:20] pid=1420 ACTIVE cpu=38888.2s(+59.9s) ws=36MB hb={"stage": "build_arb_tau:start", "ts": "2026-09-29 09:26:03", "age_s": 9797.7}
[2026-09-29 12:10:20] pid=1420 ACTIVE cpu=38948.1s(+59.9s) ws=33MB hb={"stage": "build_arb_tau:start", "ts": "2026-09-29 09:26:03", "age_s": 9857.8}
[2026-09-29 12:11:20] pid=1420 ACTIVE cpu=39008.1s(+59.9s) ws=33MB hb={"stage": "build_arb_tau:start", "ts": "2026-09-29 09:26:03", "age_s": 9917.8}
[2026-09-29 12:12:20] pid=1420 ACTIVE cpu=39067.2s(+59.1s) ws=36MB hb={"stage": "build_arb_tau:start", "ts": "2026-09-29 09:26:03", "age_s": 9977.8}
[2026-09-29 12:13:20] pid=1420 ACTIVE cpu=39127.0s(+59.8s) ws=44MB hb={"stage": "build_arb_tau:start", "ts": "2026-09-29 09:26:03", "age_s": 10037.8}
[2026-09-29 12:14:20] pid=1420 ACTIVE cpu=39186.1s(+59.1s) ws=48MB hb={"stage": "build_arb_tau:start", "ts": "2026-09-29 09:26:03", "age_s": 10097.8}
[2026-09-29 12:15:20] pid=1420 ACTIVE cpu=39244.6s(+58.6s) ws=56MB hb={"stage": "build_arb_tau:start", "ts": "2026-09-29 09:26:03", "age_s": 10157.8}
[2026-09-29 12:16:20] pid=1420 ACTIVE cpu=39304.5s(+59.9s) ws=64MB hb={"stage": "build_arb_tau:start", "ts": "2026-09-29 09:26:03", "age_s": 10217.8}
[2026-09-29 12:17:20] pid=1420 ACTIVE cpu=39364.3s(+59.7s) ws=62MB hb={"stage": "build_arb_tau:start", "ts": "2026-09-29 09:26:03", "age_s": 10277.8}
[2026-09-29 12:18:20] pid=1420 ACTIVE cpu=39424.1s(+59.9s) ws=65MB hb={"stage": "build_arb_tau:start", "ts": "2026-09-29 09:26:03", "age_s": 10337.8}
[2026-09-29 12:19:20] pid=1420 ACTIVE cpu=39484.0s(+59.9s) ws=69MB hb={"stage": "build_arb_tau:start", "ts": "2026-09-29 09:26:03", "age_s": 10397.8}
[2026-09-29 12:20:20] pid=1420 ACTIVE cpu=39543.9s(+59.9s) ws=70MB hb={"stage": "build_arb_tau:start", "ts": "2026-09-29 09:26:03", "age_s": 10457.8}
[2026-09-29 12:21:20] pid=1420 ACTIVE cpu=39603.8s(+59.9s) ws=71MB hb={"stage": "build_arb_tau:start", "ts": "2026-09-29 09:26:03", "age_s": 10517.8}
[2026-09-29 12:22:20] pid=1420 ACTIVE cpu=39663.5s(+59.7s) ws=72MB hb={"stage": "build_arb_tau:start", "ts": "2026-09-29 09:26:03", "age_s": 10577.8}
[2026-09-29 12:23:20] pid=1420 ACTIVE cpu=39723.2s(+59.6s) ws=78MB hb={"stage": "build_arb_tau:start", "ts": "2026-09-29 09:26:03", "age_s": 10637.8}
[2026-09-29 12:24:20] pid=1420 ACTIVE cpu=39783.1s(+59.9s) ws=84MB hb={"stage": "build_arb_tau:start", "ts": "2026-09-29 09:26:03", "age_s": 10697.8}
[2026-09-29 12:25:20] pid=1420 ACTIVE cpu=39842.9s(+59.8s) ws=83MB hb={"stage": "build_arb_tau:start", "ts": "2026-09-29 09:26:03", "age_s": 10757.8}
[2026-09-29 12:26:20] pid=1420 ACTIVE cpu=39902.8s(+59.9s) ws=87MB hb={"stage": "build_arb_tau:start", "ts": "2026-09-29 09:26:03", "age_s": 10817.8}
[2026-09-29 12:27:20] pid=1420 ACTIVE cpu=39961.8s(+59.0s) ws=87MB hb={"stage": "build_arb_tau:start", "ts": "2026-09-29 09:26:03", "age_s": 10877.8}
[2026-09-29 12:28:20] pid=1420 ACTIVE cpu=40021.2s(+59.5s) ws=84MB hb={"stage": "build_arb_tau:start", "ts": "2026-09-29 09:26:03", "age_s": 10937.8}
[2026-09-29 12:29:20] pid=1420 ACTIVE cpu=40078.7s(+57.5s) ws=87MB hb={"stage": "build_arb_tau:start", "ts": "2026-09-29 09:26:03", "age_s": 10997.8}
[2026-09-29 12:30:20] pid=1420 ACTIVE cpu=40131.4s(+52.7s) ws=85MB hb={"stage": "build_arb_tau:start", "ts": "2026-09-29 09:26:03", "age_s": 11057.8}
[2026-09-29 12:31:20] pid=1420 ACTIVE cpu=40188.1s(+56.7s) ws=85MB hb={"stage": "build_arb_tau:start", "ts": "2026-09-29 09:26:03", "age_s": 11117.8}
[2026-09-29 12:32:20] pid=1420 ACTIVE cpu=40242.7s(+54.5s) ws=84MB hb={"stage": "build_arb_tau:start", "ts": "2026-09-29 09:26:03", "age_s": 11177.8}
[2026-09-29 12:33:20] pid=1420 ACTIVE cpu=40296.3s(+53.7s) ws=80MB hb={"stage": "build_arb_tau:start", "ts": "2026-09-29 09:26:03", "age_s": 11237.8}
[2026-09-29 12:34:20] pid=1420 ACTIVE cpu=40352.5s(+56.2s) ws=82MB hb={"stage": "build_arb_tau:start", "ts": "2026-09-29 09:26:03", "age_s": 11297.8}
[2026-09-29 12:35:20] pid=1420 ACTIVE cpu=40411.0s(+58.5s) ws=82MB hb={"stage": "build_arb_tau:start", "ts": "2026-09-29 09:26:03", "age_s": 11357.8}
[2026-09-29 12:36:20] pid=1420 ACTIVE cpu=40466.8s(+55.8s) ws=80MB hb={"stage": "build_arb_tau:start", "ts": "2026-09-29 09:26:03", "age_s": 11417.8}
[2026-09-29 12:37:20] pid=1420 ACTIVE cpu=40522.2s(+55.4s) ws=82MB hb={"stage": "build_arb_tau:start", "ts": "2026-09-29 09:26:03", "age_s": 11477.8}
[2026-09-29 12:38:20] pid=1420 ACTIVE cpu=40579.3s(+57.1s) ws=87MB hb={"stage": "build_arb_tau:start", "ts": "2026-09-29 09:26:03", "age_s": 11537.8}
[2026-09-29 12:39:20] pid=1420 ACTIVE cpu=40638.0s(+58.8s) ws=87MB hb={"stage": "build_arb_tau:start", "ts": "2026-09-29 09:26:03", "age_s": 11597.8}
[2026-09-29 12:40:20] pid=1420 ACTIVE cpu=40695.7s(+57.6s) ws=90MB hb={"stage": "build_arb_tau:start", "ts": "2026-09-29 09:26:03", "age_s": 11657.8}
[2026-09-29 12:41:20] pid=1420 ACTIVE cpu=40753.5s(+57.8s) ws=87MB hb={"stage": "build_arb_tau:start", "ts": "2026-09-29 09:26:03", "age_s": 11717.8}
[2026-09-29 12:42:20] pid=1420 ACTIVE cpu=40809.0s(+55.5s) ws=79MB hb={"stage": "build_arb_tau:start", "ts": "2026-09-29 09:26:03", "age_s": 11777.8}
[2026-09-29 12:43:20] pid=1420 ACTIVE cpu=40867.3s(+58.3s) ws=78MB hb={"stage": "build_arb_tau:start", "ts": "2026-09-29 09:26:03", "age_s": 11837.8}
[2026-09-29 12:44:20] pid=1420 ACTIVE cpu=40923.1s(+55.8s) ws=79MB hb={"stage": "build_arb_tau:start", "ts": "2026-09-29 09:26:03", "age_s": 11897.8}
[2026-09-29 12:45:20] pid=1420 ACTIVE cpu=40979.2s(+56.1s) ws=74MB hb={"stage": "build_arb_tau:start", "ts": "2026-09-29 09:26:03", "age_s": 11957.8}
[2026-09-29 12:46:20] pid=1420 ACTIVE cpu=41032.3s(+53.2s) ws=80MB hb={"stage": "build_arb_tau:start", "ts": "2026-09-29 09:26:03", "age_s": 12017.8}
[2026-09-29 12:47:20] pid=1420 ACTIVE cpu=41090.4s(+58.0s) ws=87MB hb={"stage": "build_arb_tau:start", "ts": "2026-09-29 09:26:03", "age_s": 12077.8}
[2026-09-29 12:48:20] pid=1420 ACTIVE cpu=41149.2s(+58.9s) ws=82MB hb={"stage": "build_arb_tau:start", "ts": "2026-09-29 09:26:03", "age_s": 12137.8}
[2026-09-29 12:49:20] pid=1420 ACTIVE cpu=41208.2s(+58.9s) ws=82MB hb={"stage": "build_arb_tau:start", "ts": "2026-09-29 09:26:03", "age_s": 12197.8}
[2026-09-29 12:50:20] pid=1420 ACTIVE cpu=41266.8s(+58.7s) ws=88MB hb={"stage": "build_arb_tau:start", "ts": "2026-09-29 09:26:03", "age_s": 12257.8}
[2026-09-29 12:51:20] pid=1420 ACTIVE cpu=41325.1s(+58.3s) ws=91MB hb={"stage": "build_arb_tau:start", "ts": "2026-09-29 09:26:03", "age_s": 12317.8}
[2026-09-29 12:52:20] pid=1420 ACTIVE cpu=41383.1s(+57.9s) ws=95MB hb={"stage": "build_arb_tau:start", "ts": "2026-09-29 09:26:03", "age_s": 12377.8}
[2026-09-29 12:53:20] pid=1420 ACTIVE cpu=41436.0s(+52.9s) ws=92MB hb={"stage": "build_arb_tau:start", "ts": "2026-09-29 09:26:03", "age_s": 12437.8}
[2026-09-29 12:54:20] pid=1420 ACTIVE cpu=41493.4s(+57.4s) ws=84MB hb={"stage": "build_arb_tau:start", "ts": "2026-09-29 09:26:03", "age_s": 12497.8}
[2026-09-29 12:55:20] pid=1420 ACTIVE cpu=41551.2s(+57.8s) ws=86MB hb={"stage": "build_arb_tau:start", "ts": "2026-09-29 09:26:03", "age_s": 12557.8}
[2026-09-29 12:56:20] pid=1420 ACTIVE cpu=41607.1s(+55.9s) ws=83MB hb={"stage": "build_arb_tau:start", "ts": "2026-09-29 09:26:03", "age_s": 12617.8}
[2026-09-29 12:57:20] pid=1420 ACTIVE cpu=41665.9s(+58.9s) ws=88MB hb={"stage": "build_arb_tau:start", "ts": "2026-09-29 09:26:03", "age_s": 12677.8}
[2026-09-29 12:58:20] pid=1420 ACTIVE cpu=41725.0s(+59.0s) ws=87MB hb={"stage": "build_arb_tau:start", "ts": "2026-09-29 09:26:03", "age_s": 12737.8}
[2026-09-29 12:59:20] pid=1420 ACTIVE cpu=41782.9s(+57.9s) ws=85MB hb={"stage": "build_arb_tau:start", "ts": "2026-09-29 09:26:03", "age_s": 12797.8}
[2026-09-29 13:00:20] pid=1420 ACTIVE cpu=41838.0s(+55.1s) ws=79MB hb={"stage": "build_arb_tau:start", "ts": "2026-09-29 09:26:03", "age_s": 12857.8}
[2026-09-29 13:01:20] pid=1420 ACTIVE cpu=41895.7s(+57.7s) ws=82MB hb={"stage": "build_arb_tau:start", "ts": "2026-09-29 09:26:03", "age_s": 12917.8}
[2026-09-29 13:02:20] pid=1420 ACTIVE cpu=41954.4s(+58.7s) ws=84MB hb={"stage": "build_arb_tau:start", "ts": "2026-09-29 09:26:03", "age_s": 12977.8}
[2026-09-29 13:03:20] pid=1420 ACTIVE cpu=42006.4s(+52.0s) ws=88MB hb={"stage": "build_arb_tau:start", "ts": "2026-09-29 09:26:03", "age_s": 13037.8}
[2026-09-29 13:04:20] pid=1420 ACTIVE cpu=42062.5s(+56.0s) ws=91MB hb={"stage": "build_arb_tau:start", "ts": "2026-09-29 09:26:03", "age_s": 13097.8}
[2026-09-29 13:05:20] pid=1420 ACTIVE cpu=42120.7s(+58.3s) ws=88MB hb={"stage": "build_arb_tau:start", "ts": "2026-09-29 09:26:03", "age_s": 13157.8}
[2026-09-29 13:06:20] pid=1420 ACTIVE cpu=42177.9s(+57.2s) ws=78MB hb={"stage": "build_arb_tau:start", "ts": "2026-09-29 09:26:03", "age_s": 13217.8}
[2026-09-29 13:07:20] pid=1420 ACTIVE cpu=42236.5s(+58.6s) ws=82MB hb={"stage": "build_arb_tau:start", "ts": "2026-09-29 09:26:03", "age_s": 13277.8}
[2026-09-29 13:08:20] pid=1420 ACTIVE cpu=42295.5s(+59.0s) ws=85MB hb={"stage": "build_arb_tau:start", "ts": "2026-09-29 09:26:03", "age_s": 13337.8}
[2026-09-29 13:09:20] pid=1420 ACTIVE cpu=42354.7s(+59.1s) ws=87MB hb={"stage": "build_arb_tau:start", "ts": "2026-09-29 09:26:03", "age_s": 13397.8}
[2026-09-29 13:10:20] pid=1420 ACTIVE cpu=42413.6s(+59.0s) ws=82MB hb={"stage": "build_arb_tau:start", "ts": "2026-09-29 09:26:03", "age_s": 13457.8}
[2026-09-29 13:11:20] pid=1420 ACTIVE cpu=42470.1s(+56.4s) ws=73MB hb={"stage": "build_arb_tau:start", "ts": "2026-09-29 09:26:03", "age_s": 13517.8}
[2026-09-29 13:12:20] pid=1420 ACTIVE cpu=42525.2s(+55.1s) ws=69MB hb={"stage": "build_arb_tau:start", "ts": "2026-09-29 09:26:03", "age_s": 13577.8}
[2026-09-29 13:13:20] pid=1420 ACTIVE cpu=42579.1s(+53.9s) ws=72MB hb={"stage": "build_arb_tau:start", "ts": "2026-09-29 09:26:03", "age_s": 13637.8}
[2026-09-29 13:14:20] pid=1420 ACTIVE cpu=42630.6s(+51.5s) ws=75MB hb={"stage": "build_arb_tau:start", "ts": "2026-09-29 09:26:03", "age_s": 13697.8}
[2026-09-29 13:15:20] pid=1420 ACTIVE cpu=42686.2s(+55.7s) ws=81MB hb={"stage": "build_arb_tau:start", "ts": "2026-09-29 09:26:03", "age_s": 13757.8}
[2026-09-29 13:16:20] pid=1420 ACTIVE cpu=42742.2s(+56.0s) ws=76MB hb={"stage": "build_arb_tau:start", "ts": "2026-09-29 09:26:03", "age_s": 13817.8}
[2026-09-29 13:17:20] pid=1420 ACTIVE cpu=42796.3s(+54.1s) ws=69MB hb={"stage": "build_arb_tau:start", "ts": "2026-09-29 09:26:03", "age_s": 13877.8}
[2026-09-29 13:18:20] pid=1420 ACTIVE cpu=42854.3s(+58.0s) ws=74MB hb={"stage": "build_arb_tau:start", "ts": "2026-09-29 09:26:03", "age_s": 13937.8}
[2026-09-29 13:19:20] pid=1420 ACTIVE cpu=42911.2s(+57.0s) ws=76MB hb={"stage": "build_arb_tau:start", "ts": "2026-09-29 09:26:03", "age_s": 13997.9}
[2026-09-29 13:20:20] pid=1420 ACTIVE cpu=42966.1s(+54.8s) ws=77MB hb={"stage": "build_arb_tau:start", "ts": "2026-09-29 09:26:03", "age_s": 14057.9}
[2026-09-29 13:21:20] pid=1420 ACTIVE cpu=43023.0s(+56.9s) ws=69MB hb={"stage": "build_arb_tau:start", "ts": "2026-09-29 09:26:03", "age_s": 14117.9}
[2026-09-29 13:22:20] pid=1420 ACTIVE cpu=43079.0s(+56.1s) ws=63MB hb={"stage": "build_arb_tau:start", "ts": "2026-09-29 09:26:03", "age_s": 14177.9}
[2026-09-29 13:23:20] pid=1420 ACTIVE cpu=43130.5s(+51.5s) ws=68MB hb={"stage": "build_arb_tau:start", "ts": "2026-09-29 09:26:03", "age_s": 14237.9}
[2026-09-29 13:24:20] pid=1420 ACTIVE cpu=43183.5s(+53.0s) ws=72MB hb={"stage": "build_arb_tau:start", "ts": "2026-09-29 09:26:03", "age_s": 14297.9}
[2026-09-29 13:25:20] pid=1420 ACTIVE cpu=43237.9s(+54.4s) ws=73MB hb={"stage": "build_arb_tau:start", "ts": "2026-09-29 09:26:03", "age_s": 14357.9}
[2026-09-29 13:26:20] pid=1420 ACTIVE cpu=43289.6s(+51.6s) ws=72MB hb={"stage": "build_arb_tau:start", "ts": "2026-09-29 09:26:03", "age_s": 14417.9}
[2026-09-29 13:27:20] pid=1420 ACTIVE cpu=43341.0s(+51.5s) ws=67MB hb={"stage": "build_arb_tau:start", "ts": "2026-09-29 09:26:03", "age_s": 14477.9}
[2026-09-29 13:28:20] pid=1420 ACTIVE cpu=43396.6s(+55.6s) ws=65MB hb={"stage": "build_arb_tau:start", "ts": "2026-09-29 09:26:03", "age_s": 14537.9}
[2026-09-29 13:29:20] pid=1420 ACTIVE cpu=43452.2s(+55.6s) ws=58MB hb={"stage": "build_arb_tau:start", "ts": "2026-09-29 09:26:03", "age_s": 14597.9}
[2026-09-29 13:30:20] pid=1420 ACTIVE cpu=43502.3s(+50.0s) ws=56MB hb={"stage": "build_arb_tau:start", "ts": "2026-09-29 09:26:03", "age_s": 14657.9}
[2026-09-29 13:31:20] pid=1420 ACTIVE cpu=43555.6s(+53.3s) ws=61MB hb={"stage": "build_arb_tau:start", "ts": "2026-09-29 09:26:03", "age_s": 14717.9}
[2026-09-29 13:32:20] pid=1420 ACTIVE cpu=43606.8s(+51.2s) ws=66MB hb={"stage": "build_arb_tau:start", "ts": "2026-09-29 09:26:03", "age_s": 14777.9}
[2026-09-29 13:33:20] pid=1420 ACTIVE cpu=43660.9s(+54.1s) ws=68MB hb={"stage": "build_arb_tau:start", "ts": "2026-09-29 09:26:03", "age_s": 14837.9}
[2026-09-29 13:34:20] pid=1420 ACTIVE cpu=43716.3s(+55.4s) ws=70MB hb={"stage": "build_arb_tau:start", "ts": "2026-09-29 09:26:03", "age_s": 14897.9}
[2026-09-29 13:35:20] pid=1420 ACTIVE cpu=43767.4s(+51.1s) ws=67MB hb={"stage": "build_arb_tau:start", "ts": "2026-09-29 09:26:03", "age_s": 14957.9}
[2026-09-29 13:36:20] pid=1420 ACTIVE cpu=43822.6s(+55.2s) ws=65MB hb={"stage": "build_arb_tau:start", "ts": "2026-09-29 09:26:03", "age_s": 15017.9}
[2026-09-29 13:37:20] pid=1420 ACTIVE cpu=43881.8s(+59.2s) ws=66MB hb={"stage": "build_arb_tau:start", "ts": "2026-09-29 09:26:03", "age_s": 15077.9}
[2026-09-29 13:38:20] pid=1420 ACTIVE cpu=43941.1s(+59.3s) ws=70MB hb={"stage": "build_arb_tau:start", "ts": "2026-09-29 09:26:03", "age_s": 15137.9}
[2026-09-29 13:39:20] pid=1420 ACTIVE cpu=44000.4s(+59.3s) ws=64MB hb={"stage": "build_arb_tau:start", "ts": "2026-09-29 09:26:03", "age_s": 15197.9}
[2026-09-29 13:40:20] pid=1420 ACTIVE cpu=44059.3s(+59.0s) ws=66MB hb={"stage": "build_arb_tau:start", "ts": "2026-09-29 09:26:03", "age_s": 15257.9}
[2026-09-29 13:41:20] pid=1420 ACTIVE cpu=44113.9s(+54.5s) ws=72MB hb={"stage": "build_arb_tau:start", "ts": "2026-09-29 09:26:03", "age_s": 15317.9}
[2026-09-29 13:42:20] pid=1420 ACTIVE cpu=44168.2s(+54.3s) ws=73MB hb={"stage": "build_arb_tau:start", "ts": "2026-09-29 09:26:03", "age_s": 15377.9}
[2026-09-29 13:43:20] pid=1420 ACTIVE cpu=44209.0s(+40.8s) ws=70MB hb={"stage": "build_arb_tau:start", "ts": "2026-09-29 09:26:03", "age_s": 15437.9}
[2026-09-29 13:44:20] pid=1420 ACTIVE cpu=44263.6s(+54.7s) ws=63MB hb={"stage": "build_arb_tau:start", "ts": "2026-09-29 09:26:03", "age_s": 15497.9}
[2026-09-29 13:45:20] pid=1420 ACTIVE cpu=44321.5s(+57.9s) ws=65MB hb={"stage": "build_arb_tau:start", "ts": "2026-09-29 09:26:03", "age_s": 15557.9}
[2026-09-29 13:46:20] pid=1420 ACTIVE cpu=44374.6s(+53.1s) ws=70MB hb={"stage": "build_arb_tau:start", "ts": "2026-09-29 09:26:03", "age_s": 15617.9}
[2026-09-29 13:47:20] pid=1420 ACTIVE cpu=44428.1s(+53.5s) ws=67MB hb={"stage": "build_arb_tau:start", "ts": "2026-09-29 09:26:03", "age_s": 15677.9}
[2026-09-29 13:48:20] pid=1420 ACTIVE cpu=44480.6s(+52.5s) ws=69MB hb={"stage": "build_arb_tau:start", "ts": "2026-09-29 09:26:03", "age_s": 15737.9}
[2026-09-29 13:49:20] pid=1420 ACTIVE cpu=44539.5s(+58.9s) ws=65MB hb={"stage": "build_arb_tau:start", "ts": "2026-09-29 09:26:03", "age_s": 15797.9}
[2026-09-29 13:50:20] pid=1420 ACTIVE cpu=44594.2s(+54.7s) ws=65MB hb={"stage": "build_arb_tau:start", "ts": "2026-09-29 09:26:03", "age_s": 15857.9}
[2026-09-29 13:51:20] pid=1420 ACTIVE cpu=44651.5s(+57.3s) ws=69MB hb={"stage": "build_arb_tau:start", "ts": "2026-09-29 09:26:03", "age_s": 15917.9}
[2026-09-29 13:52:20] pid=1420 ACTIVE cpu=44707.2s(+55.7s) ws=71MB hb={"stage": "build_arb_tau:start", "ts": "2026-09-29 09:26:03", "age_s": 15977.9}
[2026-09-29 13:53:20] pid=1420 ACTIVE cpu=44764.7s(+57.5s) ws=72MB hb={"stage": "build_arb_tau:start", "ts": "2026-09-29 09:26:03", "age_s": 16037.9}
[2026-09-29 13:54:20] pid=1420 ACTIVE cpu=44820.8s(+56.2s) ws=77MB hb={"stage": "build_arb_tau:start", "ts": "2026-09-29 09:26:03", "age_s": 16097.9}
[2026-09-29 13:55:20] pid=1420 ACTIVE cpu=44870.0s(+49.2s) ws=71MB hb={"stage": "build_arb_tau:start", "ts": "2026-09-29 09:26:03", "age_s": 16157.9}
[2026-09-29 13:56:20] pid=1420 ACTIVE cpu=44922.1s(+52.1s) ws=64MB hb={"stage": "build_arb_tau:start", "ts": "2026-09-29 09:26:03", "age_s": 16217.9}
[2026-09-29 13:57:20] pid=1420 ACTIVE cpu=44976.5s(+54.5s) ws=59MB hb={"stage": "build_arb_tau:start", "ts": "2026-09-29 09:26:03", "age_s": 16277.9}
[2026-09-29 13:58:20] pid=1420 ACTIVE cpu=45032.5s(+56.0s) ws=62MB hb={"stage": "build_arb_tau:start", "ts": "2026-09-29 09:26:03", "age_s": 16337.9}
[2026-09-29 13:59:20] pid=1420 ACTIVE cpu=45088.8s(+56.3s) ws=58MB hb={"stage": "build_arb_tau:start", "ts": "2026-09-29 09:26:03", "age_s": 16397.9}
[2026-09-29 14:00:20] pid=1420 ACTIVE cpu=45145.2s(+56.4s) ws=60MB hb={"stage": "build_arb_tau:start", "ts": "2026-09-29 09:26:03", "age_s": 16457.9}
[2026-09-29 14:01:20] pid=1420 ACTIVE cpu=45200.4s(+55.1s) ws=62MB hb={"stage": "build_arb_tau:start", "ts": "2026-09-29 09:26:03", "age_s": 16517.9}
[2026-09-29 14:02:20] pid=1420 ACTIVE cpu=45252.6s(+52.2s) ws=63MB hb={"stage": "build_arb_tau:start", "ts": "2026-09-29 09:26:03", "age_s": 16578.0}
[2026-09-29 14:03:20] pid=1420 ACTIVE cpu=45308.9s(+56.3s) ws=66MB hb={"stage": "build_arb_tau:start", "ts": "2026-09-29 09:26:03", "age_s": 16638.0}
[2026-09-29 14:04:20] pid=1420 ACTIVE cpu=45366.3s(+57.4s) ws=72MB hb={"stage": "build_arb_tau:start", "ts": "2026-09-29 09:26:03", "age_s": 16698.0}
[2026-09-29 14:05:20] pid=1420 ACTIVE cpu=45424.2s(+57.9s) ws=74MB hb={"stage": "build_arb_tau:start", "ts": "2026-09-29 09:26:03", "age_s": 16758.0}
[2026-09-29 14:06:20] pid=1420 ACTIVE cpu=45481.8s(+57.7s) ws=80MB hb={"stage": "build_arb_tau:start", "ts": "2026-09-29 09:26:03", "age_s": 16818.0}
[2026-09-29 14:07:20] pid=1420 ACTIVE cpu=45535.9s(+54.1s) ws=74MB hb={"stage": "build_arb_tau:start", "ts": "2026-09-29 09:26:03", "age_s": 16878.0}
[2026-09-29 14:08:20] pid=1420 ACTIVE cpu=45588.3s(+52.4s) ws=67MB hb={"stage": "build_arb_tau:start", "ts": "2026-09-29 09:26:03", "age_s": 16938.0}
[2026-09-29 14:09:20] pid=1420 ACTIVE cpu=45642.1s(+53.8s) ws=62MB hb={"stage": "build_arb_tau:start", "ts": "2026-09-29 09:26:03", "age_s": 16998.0}
[2026-09-29 14:10:20] pid=1420 ACTIVE cpu=45695.9s(+53.8s) ws=60MB hb={"stage": "build_arb_tau:start", "ts": "2026-09-29 09:26:03", "age_s": 17058.0}
[2026-09-29 14:11:20] pid=1420 ACTIVE cpu=45753.5s(+57.6s) ws=66MB hb={"stage": "build_arb_tau:start", "ts": "2026-09-29 09:26:03", "age_s": 17118.0}
[2026-09-29 14:12:20] pid=1420 ACTIVE cpu=45811.0s(+57.5s) ws=69MB hb={"stage": "build_arb_tau:start", "ts": "2026-09-29 09:26:03", "age_s": 17178.0}
[2026-09-29 14:13:20] pid=1420 ACTIVE cpu=45869.2s(+58.2s) ws=73MB hb={"stage": "build_arb_tau:start", "ts": "2026-09-29 09:26:03", "age_s": 17238.0}
[2026-09-29 14:14:20] pid=1420 ACTIVE cpu=45926.1s(+56.9s) ws=66MB hb={"stage": "build_arb_tau:start", "ts": "2026-09-29 09:26:03", "age_s": 17298.0}
[2026-09-29 14:15:20] pid=1420 ACTIVE cpu=45982.3s(+56.2s) ws=70MB hb={"stage": "build_arb_tau:start", "ts": "2026-09-29 09:26:03", "age_s": 17358.0}
[2026-09-29 14:16:20] pid=1420 ACTIVE cpu=46037.8s(+55.5s) ws=70MB hb={"stage": "build_arb_tau:start", "ts": "2026-09-29 09:26:03", "age_s": 17418.0}
[2026-09-29 14:17:20] pid=1420 ACTIVE cpu=46093.4s(+55.6s) ws=66MB hb={"stage": "build_arb_tau:start", "ts": "2026-09-29 09:26:03", "age_s": 17478.0}
[2026-09-29 14:18:20] pid=1420 ACTIVE cpu=46150.4s(+57.0s) ws=64MB hb={"stage": "build_arb_tau:start", "ts": "2026-09-29 09:26:03", "age_s": 17538.0}
[2026-09-29 14:19:21] pid=1420 ACTIVE cpu=46207.3s(+56.9s) ws=61MB hb={"stage": "build_arb_tau:start", "ts": "2026-09-29 09:26:03", "age_s": 17598.0}
[2026-09-29 14:20:21] pid=1420 ACTIVE cpu=46264.6s(+57.3s) ws=66MB hb={"stage": "build_arb_tau:start", "ts": "2026-09-29 09:26:03", "age_s": 17658.0}
[2026-09-29 14:21:21] pid=1420 ACTIVE cpu=46323.1s(+58.5s) ws=72MB hb={"stage": "build_arb_tau:start", "ts": "2026-09-29 09:26:03", "age_s": 17718.0}
[2026-09-29 14:22:21] pid=1420 ACTIVE cpu=46381.8s(+58.7s) ws=70MB hb={"stage": "build_arb_tau:start", "ts": "2026-09-29 09:26:03", "age_s": 17778.0}
[2026-09-29 14:23:21] pid=1420 ACTIVE cpu=46439.0s(+57.2s) ws=76MB hb={"stage": "build_arb_tau:start", "ts": "2026-09-29 09:26:03", "age_s": 17838.0}
[2026-09-29 14:24:21] pid=1420 ACTIVE cpu=46498.3s(+59.3s) ws=71MB hb={"stage": "build_arb_tau:start", "ts": "2026-09-29 09:26:03", "age_s": 17898.0}
[2026-09-29 14:25:21] pid=1420 ACTIVE cpu=46557.5s(+59.2s) ws=77MB hb={"stage": "build_arb_tau:start", "ts": "2026-09-29 09:26:03", "age_s": 17958.0}
[2026-09-29 14:26:21] pid=1420 ACTIVE cpu=46614.4s(+57.0s) ws=81MB hb={"stage": "build_arb_tau:start", "ts": "2026-09-29 09:26:03", "age_s": 18018.0}
[2026-09-29 14:27:21] pid=1420 ACTIVE cpu=46672.4s(+58.0s) ws=80MB hb={"stage": "build_arb_tau:start", "ts": "2026-09-29 09:26:03", "age_s": 18078.0}
[2026-09-29 14:28:21] pid=1420 ACTIVE cpu=46719.3s(+46.9s) ws=74MB hb={"stage": "build_arb_tau:start", "ts": "2026-09-29 09:26:03", "age_s": 18138.0}
[2026-09-29 14:29:21] pid=1420 ACTIVE cpu=46769.6s(+50.3s) ws=66MB hb={"stage": "build_arb_tau:start", "ts": "2026-09-29 09:26:03", "age_s": 18198.0}
[2026-09-29 14:30:21] pid=1420 ACTIVE cpu=46819.3s(+49.6s) ws=68MB hb={"stage": "build_arb_tau:start", "ts": "2026-09-29 09:26:03", "age_s": 18258.0}
[2026-09-29 14:31:21] pid=1420 ACTIVE cpu=46861.9s(+42.7s) ws=63MB hb={"stage": "build_arb_tau:start", "ts": "2026-09-29 09:26:03", "age_s": 18318.0}
[2026-09-29 14:32:21] pid=1420 ACTIVE cpu=46912.0s(+50.1s) ws=56MB hb={"stage": "build_arb_tau:start", "ts": "2026-09-29 09:26:03", "age_s": 18378.0}
[2026-09-29 14:33:21] pid=1420 ACTIVE cpu=46962.5s(+50.5s) ws=54MB hb={"stage": "build_arb_tau:start", "ts": "2026-09-29 09:26:03", "age_s": 18438.0}
[2026-09-29 14:34:21] pid=1420 ACTIVE cpu=47018.4s(+55.9s) ws=60MB hb={"stage": "build_arb_tau:start", "ts": "2026-09-29 09:26:03", "age_s": 18498.0}
[2026-09-29 14:35:21] pid=1420 ACTIVE cpu=47075.5s(+57.1s) ws=60MB hb={"stage": "build_arb_tau:start", "ts": "2026-09-29 09:26:03", "age_s": 18558.0}
[2026-09-29 14:36:21] pid=1420 ACTIVE cpu=47130.1s(+54.6s) ws=58MB hb={"stage": "build_arb_tau:start", "ts": "2026-09-29 09:26:03", "age_s": 18618.0}
[2026-09-29 14:37:21] pid=1420 ACTIVE cpu=47182.7s(+52.5s) ws=59MB hb={"stage": "build_arb_tau:start", "ts": "2026-09-29 09:26:03", "age_s": 18678.0}
[2026-09-29 14:38:21] pid=1420 ACTIVE cpu=47234.6s(+51.9s) ws=61MB hb={"stage": "build_arb_tau:start", "ts": "2026-09-29 09:26:03", "age_s": 18738.0}
[2026-09-29 14:39:21] pid=1420 ACTIVE cpu=47290.3s(+55.7s) ws=65MB hb={"stage": "build_arb_tau:start", "ts": "2026-09-29 09:26:03", "age_s": 18798.0}
[2026-09-29 14:40:21] pid=1420 ACTIVE cpu=47348.1s(+57.8s) ws=62MB hb={"stage": "build_arb_tau:start", "ts": "2026-09-29 09:26:03", "age_s": 18858.0}
[2026-09-29 14:41:21] pid=1420 ACTIVE cpu=47402.0s(+53.9s) ws=64MB hb={"stage": "build_arb_tau:start", "ts": "2026-09-29 09:26:03", "age_s": 18918.0}
[2026-09-29 14:42:21] pid=1420 ACTIVE cpu=47454.2s(+52.2s) ws=68MB hb={"stage": "build_arb_tau:start", "ts": "2026-09-29 09:26:03", "age_s": 18978.0}
[2026-09-29 14:43:21] pid=1420 ACTIVE cpu=47510.8s(+56.6s) ws=67MB hb={"stage": "build_arb_tau:start", "ts": "2026-09-29 09:26:03", "age_s": 19038.1}
[2026-09-29 14:44:21] pid=1420 ACTIVE cpu=47564.1s(+53.3s) ws=63MB hb={"stage": "build_arb_tau:start", "ts": "2026-09-29 09:26:03", "age_s": 19098.9}
[2026-09-29 14:45:21] pid=1420 ACTIVE cpu=47617.0s(+53.0s) ws=60MB hb={"stage": "build_arb_tau:start", "ts": "2026-09-29 09:26:03", "age_s": 19158.9}
[2026-09-29 14:46:21] pid=1420 ACTIVE cpu=47663.0s(+46.0s) ws=61MB hb={"stage": "build_arb_tau:start", "ts": "2026-09-29 09:26:03", "age_s": 19218.9}
[2026-09-29 14:47:21] pid=1420 ACTIVE cpu=47714.1s(+51.1s) ws=65MB hb={"stage": "build_arb_tau:start", "ts": "2026-09-29 09:26:03", "age_s": 19278.9}
[2026-09-29 14:48:21] pid=1420 ACTIVE cpu=47765.3s(+51.2s) ws=60MB hb={"stage": "build_arb_tau:start", "ts": "2026-09-29 09:26:03", "age_s": 19338.9}
[2026-09-29 14:49:21] pid=1420 ACTIVE cpu=47823.7s(+58.3s) ws=61MB hb={"stage": "build_arb_tau:start", "ts": "2026-09-29 09:26:03", "age_s": 19398.9}
[2026-09-29 14:50:21] pid=1420 ACTIVE cpu=47880.8s(+57.1s) ws=59MB hb={"stage": "build_arb_tau:start", "ts": "2026-09-29 09:26:03", "age_s": 19458.9}
[2026-09-29 14:51:21] pid=1420 ACTIVE cpu=47940.5s(+59.7s) ws=65MB hb={"stage": "build_arb_tau:start", "ts": "2026-09-29 09:26:03", "age_s": 19518.9}
[2026-09-29 14:52:21] pid=1420 ACTIVE cpu=48000.2s(+59.7s) ws=68MB hb={"stage": "build_arb_tau:start", "ts": "2026-09-29 09:26:03", "age_s": 19578.9}
[2026-09-29 14:53:21] pid=1420 ACTIVE cpu=48058.7s(+58.5s) ws=67MB hb={"stage": "build_arb_tau:start", "ts": "2026-09-29 09:26:03", "age_s": 19638.9}
[2026-09-29 14:54:21] pid=1420 ACTIVE cpu=48117.8s(+59.1s) ws=67MB hb={"stage": "build_arb_tau:start", "ts": "2026-09-29 09:26:03", "age_s": 19698.9}
[2026-09-29 14:55:21] pid=1420 ACTIVE cpu=48177.7s(+59.9s) ws=70MB hb={"stage": "build_arb_tau:start", "ts": "2026-09-29 09:26:03", "age_s": 19758.9}
[2026-09-29 14:56:21] pid=1420 ACTIVE cpu=48237.6s(+59.9s) ws=74MB hb={"stage": "build_arb_tau:start", "ts": "2026-09-29 09:26:03", "age_s": 19818.9}
[2026-09-29 14:57:21] pid=1420 ACTIVE cpu=48297.5s(+59.9s) ws=75MB hb={"stage": "build_arb_tau:start", "ts": "2026-09-29 09:26:03", "age_s": 19878.9}
[2026-09-29 14:58:21] pid=1420 ACTIVE cpu=48357.4s(+59.9s) ws=68MB hb={"stage": "build_arb_tau:start", "ts": "2026-09-29 09:26:03", "age_s": 19938.9}
[2026-09-29 14:59:21] pid=1420 ACTIVE cpu=48407.2s(+49.8s) ws=50MB hb={"stage": "build_arb_tau:start", "ts": "2026-09-29 09:26:03", "age_s": 19999.0}
[2026-09-29 15:00:21] pid=1420 ACTIVE cpu=48462.8s(+55.6s) ws=41MB hb={"stage": "build_arb_tau:start", "ts": "2026-09-29 09:26:03", "age_s": 20059.0}
[2026-09-29 15:01:21] pid=1420 ACTIVE cpu=48521.4s(+58.7s) ws=42MB hb={"stage": "build_arb_tau:start", "ts": "2026-09-29 09:26:03", "age_s": 20119.0}
[2026-09-29 15:02:21] pid=1420 ACTIVE cpu=48574.8s(+53.4s) ws=37MB hb={"stage": "build_arb_tau:start", "ts": "2026-09-29 09:26:03", "age_s": 20179.0}
[2026-09-29 15:03:21] pid=1420 ACTIVE cpu=48626.4s(+51.6s) ws=41MB hb={"stage": "build_arb_tau:start", "ts": "2026-09-29 09:26:03", "age_s": 20239.0}
[2026-09-29 15:04:21] pid=1420 ACTIVE cpu=48684.3s(+57.8s) ws=40MB hb={"stage": "build_arb_tau:start", "ts": "2026-09-29 09:26:03", "age_s": 20299.0}
[2026-09-29 15:05:21] pid=1420 ACTIVE cpu=48743.5s(+59.2s) ws=43MB hb={"stage": "build_arb_tau:start", "ts": "2026-09-29 09:26:03", "age_s": 20359.0}
[2026-09-29 15:06:21] pid=1420 ACTIVE cpu=48802.5s(+59.0s) ws=43MB hb={"stage": "build_arb_tau:start", "ts": "2026-09-29 09:26:03", "age_s": 20419.0}
[2026-09-29 15:07:21] pid=1420 ACTIVE cpu=48860.7s(+58.2s) ws=47MB hb={"stage": "build_arb_tau:start", "ts": "2026-09-29 09:26:03", "age_s": 20479.0}
[2026-09-29 15:08:21] pid=1420 ACTIVE cpu=48909.9s(+49.2s) ws=52MB hb={"stage": "build_arb_tau:start", "ts": "2026-09-29 09:26:03", "age_s": 20539.0}
[2026-09-29 15:09:21] pid=1420 ACTIVE cpu=48964.5s(+54.7s) ws=56MB hb={"stage": "build_arb_tau:start", "ts": "2026-09-29 09:26:03", "age_s": 20599.0}
[2026-09-29 15:10:21] pid=1420 ACTIVE cpu=49022.0s(+57.4s) ws=56MB hb={"stage": "build_arb_tau:start", "ts": "2026-09-29 09:26:03", "age_s": 20659.0}
[2026-09-29 15:11:21] pid=1420 ACTIVE cpu=49079.2s(+57.2s) ws=56MB hb={"stage": "build_arb_tau:start", "ts": "2026-09-29 09:26:03", "age_s": 20719.0}
[2026-09-29 15:12:22] pid=1420 ACTIVE cpu=49137.4s(+58.1s) ws=62MB hb={"stage": "build_arb_tau:start", "ts": "2026-09-29 09:26:03", "age_s": 20779.0}
[2026-09-29 15:13:22] pid=1420 ACTIVE cpu=49195.0s(+57.6s) ws=59MB hb={"stage": "build_arb_tau:start", "ts": "2026-09-29 09:26:03", "age_s": 20839.0}
[2026-09-29 15:14:22] pid=1420 ACTIVE cpu=49253.3s(+58.3s) ws=57MB hb={"stage": "build_arb_tau:start", "ts": "2026-09-29 09:26:03", "age_s": 20899.0}
[2026-09-29 15:15:22] pid=1420 ACTIVE cpu=49312.8s(+59.5s) ws=60MB hb={"stage": "build_arb_tau:start", "ts": "2026-09-29 09:26:03", "age_s": 20959.0}
[2026-09-29 15:16:22] pid=1420 ACTIVE cpu=49371.7s(+58.9s) ws=65MB hb={"stage": "build_arb_tau:start", "ts": "2026-09-29 09:26:03", "age_s": 21019.0}
[2026-09-29 15:17:22] pid=1420 ACTIVE cpu=49431.3s(+59.6s) ws=71MB hb={"stage": "build_arb_tau:start", "ts": "2026-09-29 09:26:03", "age_s": 21079.0}
[2026-09-29 15:18:22] pid=1420 ACTIVE cpu=49490.6s(+59.4s) ws=71MB hb={"stage": "build_arb_tau:start", "ts": "2026-09-29 09:26:03", "age_s": 21139.0}
[2026-09-29 15:19:22] pid=1420 ACTIVE cpu=49549.1s(+58.5s) ws=63MB hb={"stage": "build_arb_tau:start", "ts": "2026-09-29 09:26:03", "age_s": 21199.0}
[2026-09-29 15:20:22] pid=1420 ACTIVE cpu=49608.0s(+58.9s) ws=66MB hb={"stage": "build_arb_tau:start", "ts": "2026-09-29 09:26:03", "age_s": 21259.0}
[2026-09-29 15:21:22] pid=1420 ACTIVE cpu=49667.5s(+59.4s) ws=67MB hb={"stage": "build_arb_tau:start", "ts": "2026-09-29 09:26:03", "age_s": 21319.0}
[2026-09-29 15:22:22] pid=1420 ACTIVE cpu=49724.6s(+57.2s) ws=65MB hb={"stage": "build_arb_tau:start", "ts": "2026-09-29 09:26:03", "age_s": 21379.0}
[2026-09-29 15:23:22] pid=1420 ACTIVE cpu=49782.9s(+58.3s) ws=67MB hb={"stage": "build_arb_tau:start", "ts": "2026-09-29 09:26:03", "age_s": 21439.0}
[2026-09-29 15:24:22] pid=1420 ACTIVE cpu=49841.2s(+58.3s) ws=64MB hb={"stage": "build_arb_tau:start", "ts": "2026-09-29 09:26:03", "age_s": 21499.0}
[2026-09-29 15:25:22] pid=1420 ACTIVE cpu=49900.1s(+58.9s) ws=63MB hb={"stage": "build_arb_tau:start", "ts": "2026-09-29 09:26:03", "age_s": 21559.0}
[2026-09-29 15:26:22] pid=1420 ACTIVE cpu=49958.7s(+58.6s) ws=64MB hb={"stage": "build_arb_tau:start", "ts": "2026-09-29 09:26:03", "age_s": 21619.0}
[2026-09-29 15:27:22] pid=1420 ACTIVE cpu=50017.1s(+58.4s) ws=67MB hb={"stage": "build_arb_tau:start", "ts": "2026-09-29 09:26:03", "age_s": 21679.0}
[2026-09-29 15:28:22] pid=1420 ACTIVE cpu=50075.7s(+58.7s) ws=73MB hb={"stage": "build_arb_tau:start", "ts": "2026-09-29 09:26:03", "age_s": 21739.0}
[2026-09-29 15:29:22] pid=1420 ACTIVE cpu=50134.6s(+58.9s) ws=73MB hb={"stage": "build_arb_tau:start", "ts": "2026-09-29 09:26:03", "age_s": 21799.0}
[2026-09-29 15:30:22] pid=1420 ACTIVE cpu=50177.8s(+43.3s) ws=68MB hb={"stage": "build_arb_tau:start", "ts": "2026-09-29 09:26:03", "age_s": 21859.0}
[2026-09-29 15:31:22] pid=1420 ACTIVE cpu=50215.0s(+37.1s) ws=66MB hb={"stage": "build_arb_tau:start", "ts": "2026-09-29 09:26:03", "age_s": 21919.0}
[2026-09-29 15:32:22] pid=1420 ACTIVE cpu=50269.3s(+54.4s) ws=67MB hb={"stage": "build_arb_tau:start", "ts": "2026-09-29 09:26:03", "age_s": 21979.0}
[2026-09-29 15:33:22] pid=1420 ACTIVE cpu=50324.2s(+54.8s) ws=69MB hb={"stage": "build_arb_tau:start", "ts": "2026-09-29 09:26:03", "age_s": 22039.0}
[2026-09-29 15:34:22] pid=1420 ACTIVE cpu=50379.3s(+55.1s) ws=66MB hb={"stage": "build_arb_tau:start", "ts": "2026-09-29 09:26:03", "age_s": 22099.0}
[2026-09-29 15:35:22] pid=1420 ACTIVE cpu=50433.5s(+54.3s) ws=63MB hb={"stage": "build_arb_tau:start", "ts": "2026-09-29 09:26:03", "age_s": 22159.0}
[2026-09-29 15:36:22] pid=1420 ACTIVE cpu=50486.4s(+52.9s) ws=57MB hb={"stage": "build_arb_tau:start", "ts": "2026-09-29 09:26:03", "age_s": 22219.0}
[2026-09-29 15:37:22] pid=1420 ACTIVE cpu=50539.9s(+53.5s) ws=58MB hb={"stage": "build_arb_tau:start", "ts": "2026-09-29 09:26:03", "age_s": 22279.0}
[2026-09-29 15:38:22] pid=1420 ACTIVE cpu=50593.8s(+53.9s) ws=62MB hb={"stage": "build_arb_tau:start", "ts": "2026-09-29 09:26:03", "age_s": 22339.0}
[2026-09-29 15:39:22] pid=1420 ACTIVE cpu=50649.6s(+55.8s) ws=63MB hb={"stage": "build_arb_tau:start", "ts": "2026-09-29 09:26:03", "age_s": 22399.0}
[2026-09-29 15:40:22] pid=1420 ACTIVE cpu=50705.5s(+56.0s) ws=62MB hb={"stage": "build_arb_tau:start", "ts": "2026-09-29 09:26:03", "age_s": 22459.0}
[2026-09-29 15:41:22] pid=1420 ACTIVE cpu=50759.5s(+53.9s) ws=58MB hb={"stage": "build_arb_tau:start", "ts": "2026-09-29 09:26:03", "age_s": 22519.0}
[2026-09-29 15:42:22] pid=1420 ACTIVE cpu=50815.6s(+56.1s) ws=56MB hb={"stage": "build_arb_tau:start", "ts": "2026-09-29 09:26:03", "age_s": 22579.0}
[2026-09-29 15:43:22] pid=1420 ACTIVE cpu=50871.0s(+55.4s) ws=60MB hb={"stage": "build_arb_tau:start", "ts": "2026-09-29 09:26:03", "age_s": 22639.0}
[2026-09-29 15:44:22] pid=1420 ACTIVE cpu=50925.6s(+54.6s) ws=65MB hb={"stage": "build_arb_tau:start", "ts": "2026-09-29 09:26:03", "age_s": 22699.1}
[2026-09-29 15:45:22] pid=1420 ACTIVE cpu=50976.8s(+51.2s) ws=66MB hb={"stage": "build_arb_tau:start", "ts": "2026-09-29 09:26:03", "age_s": 22759.1}
[2026-09-29 15:46:22] pid=1420 ACTIVE cpu=51028.6s(+51.9s) ws=67MB hb={"stage": "build_arb_tau:start", "ts": "2026-09-29 09:26:03", "age_s": 22819.1}
[2026-09-29 15:47:22] pid=1420 ACTIVE cpu=51083.1s(+54.5s) ws=64MB hb={"stage": "build_arb_tau:start", "ts": "2026-09-29 09:26:03", "age_s": 22879.1}
[2026-09-29 15:48:22] pid=1420 ACTIVE cpu=51139.2s(+56.0s) ws=63MB hb={"stage": "build_arb_tau:start", "ts": "2026-09-29 09:26:03", "age_s": 22939.1}
[2026-09-29 15:49:22] pid=1420 ACTIVE cpu=51198.0s(+58.8s) ws=67MB hb={"stage": "build_arb_tau:start", "ts": "2026-09-29 09:26:03", "age_s": 22999.1}
[2026-09-29 15:50:22] pid=1420 ACTIVE cpu=51256.4s(+58.4s) ws=66MB hb={"stage": "build_arb_tau:start", "ts": "2026-09-29 09:26:03", "age_s": 23059.1}
[2026-09-29 15:51:22] pid=1420 ACTIVE cpu=51315.1s(+58.6s) ws=61MB hb={"stage": "build_arb_tau:start", "ts": "2026-09-29 09:26:03", "age_s": 23119.1}
[2026-09-29 15:52:22] pid=1420 ACTIVE cpu=51373.8s(+58.7s) ws=58MB hb={"stage": "build_arb_tau:start", "ts": "2026-09-29 09:26:03", "age_s": 23179.1}
[2026-09-29 15:53:22] pid=1420 ACTIVE cpu=51433.2s(+59.4s) ws=54MB hb={"stage": "build_arb_tau:start", "ts": "2026-09-29 09:26:03", "age_s": 23239.1}
[2026-09-29 15:54:22] pid=1420 ACTIVE cpu=51491.9s(+58.7s) ws=53MB hb={"stage": "build_arb_tau:start", "ts": "2026-09-29 09:26:03", "age_s": 23299.1}
[2026-09-29 15:55:22] pid=1420 ACTIVE cpu=51551.4s(+59.5s) ws=42MB hb={"stage": "build_arb_tau:start", "ts": "2026-09-29 09:26:03", "age_s": 23359.1}
[2026-09-29 15:56:22] pid=1420 ACTIVE cpu=51610.8s(+59.4s) ws=39MB hb={"stage": "build_arb_tau:start", "ts": "2026-09-29 09:26:03", "age_s": 23419.1}
[2026-09-29 15:57:22] pid=1420 ACTIVE cpu=51670.0s(+59.2s) ws=35MB hb={"stage": "build_arb_tau:start", "ts": "2026-09-29 09:26:03", "age_s": 23479.1}
[2026-09-29 15:58:22] pid=1420 ACTIVE cpu=51729.3s(+59.3s) ws=31MB hb={"stage": "build_arb_tau:start", "ts": "2026-09-29 09:26:03", "age_s": 23539.1}
[2026-09-29 15:59:22] pid=1420 ACTIVE cpu=51788.7s(+59.3s) ws=33MB hb={"stage": "build_arb_tau:start", "ts": "2026-09-29 09:26:03", "age_s": 23599.1}
[2026-09-29 16:00:22] pid=1420 ACTIVE cpu=51848.3s(+59.6s) ws=28MB hb={"stage": "build_arb_tau:start", "ts": "2026-09-29 09:26:03", "age_s": 23659.1}
[2026-09-29 16:01:22] pid=1420 ACTIVE cpu=51907.8s(+59.5s) ws=30MB hb={"stage": "build_arb_tau:start", "ts": "2026-09-29 09:26:03", "age_s": 23719.1}
[2026-09-29 16:02:22] pid=1420 ACTIVE cpu=51965.2s(+57.5s) ws=30MB hb={"stage": "build_arb_tau:start", "ts": "2026-09-29 09:26:03", "age_s": 23779.1}
[2026-09-29 16:03:22] pid=1420 ACTIVE cpu=52024.9s(+59.7s) ws=34MB hb={"stage": "build_arb_tau:start", "ts": "2026-09-29 09:26:03", "age_s": 23839.1}
[2026-09-29 16:04:22] pid=1420 ACTIVE cpu=52084.5s(+59.6s) ws=34MB hb={"stage": "build_arb_tau:start", "ts": "2026-09-29 09:26:03", "age_s": 23899.1}
[2026-09-29 16:05:22] pid=1420 ACTIVE cpu=52144.2s(+59.7s) ws=36MB hb={"stage": "build_arb_tau:start", "ts": "2026-09-29 09:26:03", "age_s": 23959.1}
[2026-09-29 16:06:22] pid=1420 ACTIVE cpu=52197.5s(+53.2s) ws=41MB hb={"stage": "build_arb_tau:start", "ts": "2026-09-29 09:26:03", "age_s": 24019.1}
[2026-09-29 16:07:22] pid=1420 ACTIVE cpu=52247.7s(+50.2s) ws=44MB hb={"stage": "build_arb_tau:start", "ts": "2026-09-29 09:26:03", "age_s": 24079.1}
[2026-09-29 16:08:22] pid=1420 ACTIVE cpu=52307.3s(+59.5s) ws=48MB hb={"stage": "build_arb_tau:start", "ts": "2026-09-29 09:26:03", "age_s": 24139.1}
[2026-09-29 16:09:22] pid=1420 ACTIVE cpu=52366.8s(+59.6s) ws=42MB hb={"stage": "build_arb_tau:start", "ts": "2026-09-29 09:26:03", "age_s": 24199.1}
[2026-09-29 16:10:22] pid=1420 ACTIVE cpu=52426.5s(+59.7s) ws=33MB hb={"stage": "build_arb_tau:start", "ts": "2026-09-29 09:26:03", "age_s": 24259.1}
[2026-09-29 16:11:22] pid=1420 ACTIVE cpu=52486.2s(+59.7s) ws=30MB hb={"stage": "build_arb_tau:start", "ts": "2026-09-29 09:26:03", "age_s": 24319.1}
[2026-09-29 16:12:22] pid=1420 ACTIVE cpu=52545.9s(+59.7s) ws=32MB hb={"stage": "build_arb_tau:start", "ts": "2026-09-29 09:26:03", "age_s": 24379.1}
[2026-09-29 16:13:22] pid=1420 ACTIVE cpu=52605.5s(+59.6s) ws=31MB hb={"stage": "build_arb_tau:start", "ts": "2026-09-29 09:26:03", "age_s": 24439.1}
[2026-09-29 16:14:22] pid=1420 ACTIVE cpu=52664.7s(+59.2s) ws=32MB hb={"stage": "build_arb_tau:start", "ts": "2026-09-29 09:26:03", "age_s": 24499.1}
[2026-09-29 16:15:22] pid=1420 ACTIVE cpu=52724.3s(+59.6s) ws=29MB hb={"stage": "build_arb_tau:start", "ts": "2026-09-29 09:26:03", "age_s": 24559.1}
[2026-09-29 16:16:22] pid=1420 ACTIVE cpu=52783.9s(+59.6s) ws=29MB hb={"stage": "build_arb_tau:start", "ts": "2026-09-29 09:26:03", "age_s": 24619.1}
[2026-09-29 16:17:22] pid=1420 ACTIVE cpu=52843.2s(+59.2s) ws=30MB hb={"stage": "build_arb_tau:start", "ts": "2026-09-29 09:26:03", "age_s": 24679.1}
[2026-09-29 16:18:22] pid=1420 ACTIVE cpu=52902.8s(+59.6s) ws=29MB hb={"stage": "build_arb_tau:start", "ts": "2026-09-29 09:26:03", "age_s": 24739.1}
[2026-09-29 16:19:22] pid=1420 ACTIVE cpu=52962.4s(+59.6s) ws=28MB hb={"stage": "build_arb_tau:start", "ts": "2026-09-29 09:26:03", "age_s": 24799.1}
[2026-09-29 16:20:22] pid=1420 ACTIVE cpu=53022.0s(+59.6s) ws=31MB hb={"stage": "build_arb_tau:start", "ts": "2026-09-29 09:26:03", "age_s": 24859.1}
[2026-09-29 16:21:22] pid=1420 ACTIVE cpu=53081.7s(+59.7s) ws=27MB hb={"stage": "build_arb_tau:start", "ts": "2026-09-29 09:26:03", "age_s": 24919.1}
[2026-09-29 16:22:22] pid=1420 ACTIVE cpu=53141.1s(+59.4s) ws=30MB hb={"stage": "build_arb_tau:start", "ts": "2026-09-29 09:26:03", "age_s": 24979.1}
[2026-09-29 16:23:22] pid=1420 ACTIVE cpu=53200.9s(+59.8s) ws=31MB hb={"stage": "build_arb_tau:start", "ts": "2026-09-29 09:26:03", "age_s": 25039.1}
[2026-09-29 16:24:22] pid=1420 ACTIVE cpu=53260.5s(+59.6s) ws=31MB hb={"stage": "build_arb_tau:start", "ts": "2026-09-29 09:26:03", "age_s": 25099.1}
[2026-09-29 16:25:22] pid=1420 ACTIVE cpu=53320.2s(+59.7s) ws=27MB hb={"stage": "build_arb_tau:start", "ts": "2026-09-29 09:26:03", "age_s": 25159.1}
[2026-09-29 16:26:22] pid=1420 ACTIVE cpu=53379.9s(+59.8s) ws=32MB hb={"stage": "build_arb_tau:start", "ts": "2026-09-29 09:26:03", "age_s": 25219.1}
[2026-09-29 16:27:22] pid=1420 ACTIVE cpu=53439.5s(+59.6s) ws=31MB hb={"stage": "build_arb_tau:start", "ts": "2026-09-29 09:26:03", "age_s": 25279.1}
[2026-09-29 16:28:22] pid=1420 ACTIVE cpu=53499.1s(+59.6s) ws=29MB hb={"stage": "build_arb_tau:start", "ts": "2026-09-29 09:26:03", "age_s": 25339.1}
[2026-09-29 16:29:22] pid=1420 ACTIVE cpu=53554.0s(+54.8s) ws=27MB hb={"stage": "build_arb_tau:start", "ts": "2026-09-29 09:26:03", "age_s": 25399.2}
[2026-09-29 16:30:22] pid=1420 ACTIVE cpu=53610.6s(+56.6s) ws=27MB hb={"stage": "build_arb_tau:start", "ts": "2026-09-29 09:26:03", "age_s": 25459.2}
[2026-09-29 16:31:22] pid=1420 ACTIVE cpu=53667.6s(+57.1s) ws=31MB hb={"stage": "build_arb_tau:start", "ts": "2026-09-29 09:26:03", "age_s": 25519.2}
[2026-09-29 16:32:22] pid=1420 ACTIVE cpu=53720.5s(+52.9s) ws=28MB hb={"stage": "build_arb_tau:start", "ts": "2026-09-29 09:26:03", "age_s": 25579.2}
[2026-09-29 16:33:22] pid=1420 ACTIVE cpu=53771.9s(+51.4s) ws=27MB hb={"stage": "build_arb_tau:start", "ts": "2026-09-29 09:26:03", "age_s": 25639.2}
[2026-09-29 16:34:22] pid=1420 ACTIVE cpu=53822.8s(+51.0s) ws=32MB hb={"stage": "build_arb_tau:start", "ts": "2026-09-29 09:26:03", "age_s": 25699.2}
[2026-09-29 16:35:22] pid=1420 ACTIVE cpu=53881.1s(+58.3s) ws=37MB hb={"stage": "build_arb_tau:start", "ts": "2026-09-29 09:26:03", "age_s": 25759.2}
[2026-09-29 16:36:22] pid=1420 ACTIVE cpu=53939.3s(+58.2s) ws=41MB hb={"stage": "build_arb_tau:start", "ts": "2026-09-29 09:26:03", "age_s": 25819.2}
[2026-09-29 16:37:22] pid=1420 ACTIVE cpu=53996.0s(+56.7s) ws=41MB hb={"stage": "build_arb_tau:start", "ts": "2026-09-29 09:26:03", "age_s": 25879.2}
[2026-09-29 16:38:22] pid=1420 ACTIVE cpu=54054.7s(+58.7s) ws=46MB hb={"stage": "build_arb_tau:start", "ts": "2026-09-29 09:26:03", "age_s": 25939.2}
[2026-09-29 16:39:22] pid=1420 ACTIVE cpu=54113.1s(+58.4s) ws=52MB hb={"stage": "build_arb_tau:start", "ts": "2026-09-29 09:26:03", "age_s": 25999.2}
[2026-09-29 16:40:22] pid=1420 ACTIVE cpu=54171.7s(+58.6s) ws=53MB hb={"stage": "build_arb_tau:start", "ts": "2026-09-29 09:26:03", "age_s": 26059.2}
[2026-09-29 16:41:22] pid=1420 ACTIVE cpu=54229.4s(+57.7s) ws=49MB hb={"stage": "build_arb_tau:start", "ts": "2026-09-29 09:26:03", "age_s": 26119.2}
[2026-09-29 16:42:22] pid=1420 ACTIVE cpu=54279.6s(+50.2s) ws=53MB hb={"stage": "build_arb_tau:start", "ts": "2026-09-29 09:26:03", "age_s": 26179.2}
[2026-09-29 16:43:22] pid=1420 ACTIVE cpu=54337.2s(+57.6s) ws=58MB hb={"stage": "build_arb_tau:start", "ts": "2026-09-29 09:26:03", "age_s": 26239.2}
[2026-09-29 16:44:22] pid=1420 ACTIVE cpu=54392.7s(+55.5s) ws=59MB hb={"stage": "build_arb_tau:start", "ts": "2026-09-29 09:26:03", "age_s": 26299.2}
[2026-09-29 16:45:22] pid=1420 ACTIVE cpu=54448.8s(+56.1s) ws=57MB hb={"stage": "build_arb_tau:start", "ts": "2026-09-29 09:26:03", "age_s": 26359.2}
[2026-09-29 16:46:22] pid=1420 ACTIVE cpu=54505.6s(+56.8s) ws=59MB hb={"stage": "build_arb_tau:start", "ts": "2026-09-29 09:26:03", "age_s": 26419.2}
[2026-09-29 16:47:22] pid=1420 ACTIVE cpu=54565.0s(+59.4s) ws=62MB hb={"stage": "build_arb_tau:start", "ts": "2026-09-29 09:26:03", "age_s": 26479.2}
[2026-09-29 16:48:22] pid=1420 ACTIVE cpu=54624.4s(+59.4s) ws=62MB hb={"stage": "build_arb_tau:start", "ts": "2026-09-29 09:26:03", "age_s": 26539.2}
[2026-09-29 16:49:22] pid=1420 ACTIVE cpu=54683.8s(+59.4s) ws=56MB hb={"stage": "build_arb_tau:start", "ts": "2026-09-29 09:26:03", "age_s": 26599.2}
[2026-09-29 16:50:22] pid=1420 ACTIVE cpu=54743.2s(+59.4s) ws=60MB hb={"stage": "build_arb_tau:start", "ts": "2026-09-29 09:26:03", "age_s": 26659.2}
[2026-09-29 16:51:22] pid=1420 ACTIVE cpu=54802.4s(+59.2s) ws=66MB hb={"stage": "build_arb_tau:start", "ts": "2026-09-29 09:26:03", "age_s": 26719.2}
[2026-09-29 16:52:22] pid=1420 ACTIVE cpu=54861.3s(+58.9s) ws=71MB hb={"stage": "build_arb_tau:start", "ts": "2026-09-29 09:26:03", "age_s": 26779.2}
[2026-09-29 16:53:22] pid=1420 ACTIVE cpu=54918.7s(+57.4s) ws=68MB hb={"stage": "build_arb_tau:start", "ts": "2026-09-29 09:26:03", "age_s": 26839.2}
[2026-09-29 16:54:22] pid=1420 ACTIVE cpu=54975.4s(+56.6s) ws=65MB hb={"stage": "build_arb_tau:start", "ts": "2026-09-29 09:26:03", "age_s": 26899.2}
[2026-09-29 16:55:22] pid=1420 ACTIVE cpu=55034.1s(+58.7s) ws=69MB hb={"stage": "build_arb_tau:start", "ts": "2026-09-29 09:26:03", "age_s": 26959.2}
[2026-09-29 16:56:22] pid=1420 ACTIVE cpu=55089.2s(+55.1s) ws=71MB hb={"stage": "build_arb_tau:start", "ts": "2026-09-29 09:26:03", "age_s": 27019.2}
[2026-09-29 16:57:22] pid=1420 ACTIVE cpu=55143.4s(+54.2s) ws=68MB hb={"stage": "build_arb_tau:start", "ts": "2026-09-29 09:26:03", "age_s": 27079.2}
[2026-09-29 16:58:22] pid=1420 ACTIVE cpu=55199.6s(+56.2s) ws=68MB hb={"stage": "build_arb_tau:start", "ts": "2026-09-29 09:26:03", "age_s": 27139.2}
[2026-09-29 16:59:22] pid=1420 ACTIVE cpu=55256.5s(+56.9s) ws=63MB hb={"stage": "build_arb_tau:start", "ts": "2026-09-29 09:26:03", "age_s": 27199.2}
[2026-09-29 17:00:22] pid=1420 ACTIVE cpu=55313.6s(+57.2s) ws=68MB hb={"stage": "build_arb_tau:start", "ts": "2026-09-29 09:26:03", "age_s": 27259.2}
[2026-09-29 17:01:22] pid=1420 ACTIVE cpu=55366.6s(+53.0s) ws=65MB hb={"stage": "build_arb_tau:start", "ts": "2026-09-29 09:26:03", "age_s": 27319.2}
[2026-09-29 17:02:22] pid=1420 ACTIVE cpu=55423.1s(+56.5s) ws=67MB hb={"stage": "build_arb_tau:start", "ts": "2026-09-29 09:26:03", "age_s": 27379.2}
[2026-09-29 17:03:22] pid=1420 ACTIVE cpu=55482.5s(+59.4s) ws=68MB hb={"stage": "build_arb_tau:start", "ts": "2026-09-29 09:26:03", "age_s": 27439.2}
[2026-09-29 17:04:22] pid=1420 ACTIVE cpu=55541.8s(+59.3s) ws=65MB hb={"stage": "build_arb_tau:start", "ts": "2026-09-29 09:26:03", "age_s": 27499.2}
[2026-09-29 17:05:22] pid=1420 ACTIVE cpu=55601.0s(+59.2s) ws=61MB hb={"stage": "build_arb_tau:start", "ts": "2026-09-29 09:26:03", "age_s": 27559.2}
[2026-09-29 17:06:22] pid=1420 ACTIVE cpu=55659.8s(+58.8s) ws=57MB hb={"stage": "build_arb_tau:start", "ts": "2026-09-29 09:26:03", "age_s": 27619.2}
[2026-09-29 17:07:22] pid=1420 ACTIVE cpu=55719.1s(+59.3s) ws=62MB hb={"stage": "build_arb_tau:start", "ts": "2026-09-29 09:26:03", "age_s": 27679.2}
[2026-09-29 17:08:22] pid=1420 ACTIVE cpu=55778.2s(+59.1s) ws=62MB hb={"stage": "build_arb_tau:start", "ts": "2026-09-29 09:26:03", "age_s": 27739.2}
[2026-09-29 17:09:22] pid=1420 ACTIVE cpu=55837.5s(+59.3s) ws=54MB hb={"stage": "build_arb_tau:start", "ts": "2026-09-29 09:26:03", "age_s": 27799.2}
[2026-09-29 17:10:22] pid=1420 ACTIVE cpu=55896.8s(+59.2s) ws=36MB hb={"stage": "build_arb_tau:start", "ts": "2026-09-29 09:26:03", "age_s": 27859.2}
[2026-09-29 17:11:22] pid=1420 ACTIVE cpu=55956.1s(+59.3s) ws=32MB hb={"stage": "build_arb_tau:start", "ts": "2026-09-29 09:26:03", "age_s": 27919.2}
[2026-09-29 17:12:22] pid=1420 ACTIVE cpu=56015.2s(+59.1s) ws=29MB hb={"stage": "build_arb_tau:start", "ts": "2026-09-29 09:26:03", "age_s": 27979.2}
[2026-09-29 17:13:22] pid=1420 ACTIVE cpu=56074.3s(+59.2s) ws=33MB hb={"stage": "build_arb_tau:start", "ts": "2026-09-29 09:26:03", "age_s": 28039.2}
[2026-09-29 17:14:22] pid=1420 ACTIVE cpu=56133.6s(+59.2s) ws=31MB hb={"stage": "build_arb_tau:start", "ts": "2026-09-29 09:26:03", "age_s": 28099.2}
[2026-09-29 17:15:22] pid=1420 ACTIVE cpu=56193.0s(+59.5s) ws=31MB hb={"stage": "build_arb_tau:start", "ts": "2026-09-29 09:26:03", "age_s": 28159.2}
[2026-09-29 17:16:22] pid=1420 ACTIVE cpu=56252.4s(+59.4s) ws=30MB hb={"stage": "build_arb_tau:start", "ts": "2026-09-29 09:26:03", "age_s": 28219.2}
[2026-09-29 17:17:22] pid=1420 ACTIVE cpu=56311.6s(+59.2s) ws=29MB hb={"stage": "build_arb_tau:start", "ts": "2026-09-29 09:26:03", "age_s": 28279.2}
[2026-09-29 17:18:22] pid=1420 ACTIVE cpu=56370.7s(+59.1s) ws=31MB hb={"stage": "build_arb_tau:start", "ts": "2026-09-29 09:26:03", "age_s": 28339.2}
[2026-09-29 17:19:22] pid=1420 ACTIVE cpu=56430.0s(+59.3s) ws=24MB hb={"stage": "build_arb_tau:start", "ts": "2026-09-29 09:26:03", "age_s": 28399.2}
[2026-09-29 17:20:22] pid=1420 ACTIVE cpu=56489.3s(+59.3s) ws=29MB hb={"stage": "build_arb_tau:start", "ts": "2026-09-29 09:26:03", "age_s": 28459.2}
[2026-09-29 17:21:22] pid=1420 ACTIVE cpu=56548.7s(+59.4s) ws=25MB hb={"stage": "build_arb_tau:start", "ts": "2026-09-29 09:26:03", "age_s": 28519.2}
[2026-09-29 17:22:22] pid=1420 ACTIVE cpu=56607.6s(+58.9s) ws=29MB hb={"stage": "build_arb_tau:start", "ts": "2026-09-29 09:26:03", "age_s": 28579.2}
[2026-09-29 17:23:22] pid=1420 ACTIVE cpu=56667.0s(+59.4s) ws=30MB hb={"stage": "build_arb_tau:start", "ts": "2026-09-29 09:26:03", "age_s": 28639.2}
[2026-09-29 17:24:22] pid=1420 ACTIVE cpu=56726.2s(+59.2s) ws=29MB hb={"stage": "build_arb_tau:start", "ts": "2026-09-29 09:26:03", "age_s": 28699.2}
[2026-09-29 17:25:22] pid=1420 ACTIVE cpu=56785.4s(+59.2s) ws=24MB hb={"stage": "build_arb_tau:start", "ts": "2026-09-29 09:26:03", "age_s": 28759.2}
[2026-09-29 17:26:22] pid=1420 ACTIVE cpu=56844.8s(+59.4s) ws=27MB hb={"stage": "build_arb_tau:start", "ts": "2026-09-29 09:26:03", "age_s": 28819.2}
[2026-09-29 17:27:22] pid=1420 ACTIVE cpu=56904.2s(+59.3s) ws=32MB hb={"stage": "build_arb_tau:start", "ts": "2026-09-29 09:26:03", "age_s": 28879.2}
[2026-09-29 17:28:22] pid=1420 ACTIVE cpu=56961.4s(+57.3s) ws=27MB hb={"stage": "build_arb_tau:start", "ts": "2026-09-29 09:26:03", "age_s": 28939.2}
[2026-09-29 17:29:22] pid=1420 ACTIVE cpu=57019.9s(+58.4s) ws=30MB hb={"stage": "build_arb_tau:start", "ts": "2026-09-29 09:26:03", "age_s": 28999.2}
[2026-09-29 17:30:22] pid=1420 ACTIVE cpu=57076.3s(+56.5s) ws=30MB hb={"stage": "build_arb_tau:start", "ts": "2026-09-29 09:26:03", "age_s": 29059.2}
[2026-09-29 17:31:22] pid=1420 ACTIVE cpu=57127.5s(+51.1s) ws=24MB hb={"stage": "build_arb_tau:start", "ts": "2026-09-29 09:26:03", "age_s": 29119.2}
[2026-09-29 17:32:22] pid=1420 ACTIVE cpu=57181.6s(+54.1s) ws=25MB hb={"stage": "build_arb_tau:start", "ts": "2026-09-29 09:26:03", "age_s": 29179.2}
[2026-09-29 17:33:22] pid=1420 ACTIVE cpu=57240.5s(+59.0s) ws=30MB hb={"stage": "build_arb_tau:start", "ts": "2026-09-29 09:26:03", "age_s": 29239.2}
[2026-09-29 17:34:22] pid=1420 ACTIVE cpu=57300.0s(+59.5s) ws=35MB hb={"stage": "build_arb_tau:start", "ts": "2026-09-29 09:26:03", "age_s": 29299.2}
[2026-09-29 17:35:22] pid=1420 ACTIVE cpu=57353.4s(+53.4s) ws=34MB hb={"stage": "build_arb_tau:start", "ts": "2026-09-29 09:26:03", "age_s": 29359.2}
[2026-09-29 17:36:22] pid=1420 ACTIVE cpu=57411.8s(+58.4s) ws=40MB hb={"stage": "build_arb_tau:start", "ts": "2026-09-29 09:26:03", "age_s": 29419.2}
[2026-09-29 17:37:22] pid=1420 ACTIVE cpu=57471.1s(+59.4s) ws=46MB hb={"stage": "build_arb_tau:start", "ts": "2026-09-29 09:26:03", "age_s": 29479.2}
[2026-09-29 17:38:22] pid=1420 ACTIVE cpu=57529.0s(+57.8s) ws=51MB hb={"stage": "build_arb_tau:start", "ts": "2026-09-29 09:26:03", "age_s": 29539.2}
[2026-09-29 17:39:22] pid=1420 ACTIVE cpu=57588.8s(+59.8s) ws=56MB hb={"stage": "build_arb_tau:start", "ts": "2026-09-29 09:26:03", "age_s": 29599.2}
[2026-09-29 17:40:22] pid=1420 ACTIVE cpu=57648.4s(+59.6s) ws=54MB hb={"stage": "build_arb_tau:start", "ts": "2026-09-29 09:26:03", "age_s": 29659.2}
[2026-09-29 17:41:22] pid=1420 ACTIVE cpu=57708.1s(+59.7s) ws=59MB hb={"stage": "build_arb_tau:start", "ts": "2026-09-29 09:26:03", "age_s": 29719.2}
[2026-09-29 17:42:22] pid=1420 ACTIVE cpu=57767.8s(+59.8s) ws=65MB hb={"stage": "build_arb_tau:start", "ts": "2026-09-29 09:26:03", "age_s": 29779.2}
[2026-09-29 17:43:22] pid=1420 ACTIVE cpu=57827.7s(+59.9s) ws=61MB hb={"stage": "build_arb_tau:start", "ts": "2026-09-29 09:26:03", "age_s": 29839.2}
[2026-09-29 17:44:22] pid=1420 ACTIVE cpu=57887.7s(+60.0s) ws=57MB hb={"stage": "build_arb_tau:start", "ts": "2026-09-29 09:26:03", "age_s": 29899.2}
[2026-09-29 17:45:22] pid=1420 ACTIVE cpu=57947.6s(+59.9s) ws=39MB hb={"stage": "build_arb_tau:start", "ts": "2026-09-29 09:26:03", "age_s": 29959.2}
[2026-09-29 17:46:22] pid=1420 ACTIVE cpu=58007.5s(+59.8s) ws=34MB hb={"stage": "build_arb_tau:start", "ts": "2026-09-29 09:26:03", "age_s": 30019.2}
[2026-09-29 17:47:22] pid=1420 ACTIVE cpu=58063.4s(+56.0s) ws=30MB hb={"stage": "build_arb_tau:start", "ts": "2026-09-29 09:26:03", "age_s": 30079.3}
[2026-09-29 17:48:22] pid=1420 ACTIVE cpu=58121.2s(+57.8s) ws=35MB hb={"stage": "build_arb_tau:start", "ts": "2026-09-29 09:26:03", "age_s": 30139.3}
[2026-09-29 17:49:22] pid=1420 ACTIVE cpu=58176.8s(+55.6s) ws=38MB hb={"stage": "build_arb_tau:start", "ts": "2026-09-29 09:26:03", "age_s": 30199.3}
[2026-09-29 17:50:22] pid=1420 ACTIVE cpu=58234.5s(+57.8s) ws=35MB hb={"stage": "build_arb_tau:start", "ts": "2026-09-29 09:26:03", "age_s": 30259.9}
[2026-09-29 17:51:23] pid=1420 ACTIVE cpu=58291.2s(+56.6s) ws=39MB hb={"stage": "build_arb_tau:start", "ts": "2026-09-29 09:26:03", "age_s": 30320.1}
[2026-09-29 17:52:23] pid=1420 ACTIVE cpu=58333.2s(+42.0s) ws=41MB hb={"stage": "build_arb_tau:start", "ts": "2026-09-29 09:26:03", "age_s": 30380.1}
[2026-09-29 17:53:23] pid=1420 ACTIVE cpu=58389.2s(+56.0s) ws=44MB hb={"stage": "build_arb_tau:start", "ts": "2026-09-29 09:26:03", "age_s": 30440.1}
[2026-09-29 17:54:23] pid=1420 ACTIVE cpu=58448.8s(+59.7s) ws=50MB hb={"stage": "build_arb_tau:start", "ts": "2026-09-29 09:26:03", "age_s": 30500.1}
[2026-09-29 17:55:23] pid=1420 ACTIVE cpu=58508.2s(+59.4s) ws=46MB hb={"stage": "build_arb_tau:start", "ts": "2026-09-29 09:26:03", "age_s": 30560.1}
[2026-09-29 17:56:23] pid=1420 ACTIVE cpu=58566.6s(+58.4s) ws=47MB hb={"stage": "build_arb_tau:start", "ts": "2026-09-29 09:26:03", "age_s": 30620.1}
[2026-09-29 17:57:23] pid=1420 ACTIVE cpu=58625.7s(+59.1s) ws=52MB hb={"stage": "build_arb_tau:start", "ts": "2026-09-29 09:26:03", "age_s": 30680.1}
[2026-09-29 17:58:23] pid=1420 ACTIVE cpu=58679.1s(+53.4s) ws=56MB hb={"stage": "build_arb_tau:start", "ts": "2026-09-29 09:26:03", "age_s": 30740.1}
[2026-09-29 17:59:23] pid=1420 ACTIVE cpu=58737.9s(+58.8s) ws=60MB hb={"stage": "build_arb_tau:start", "ts": "2026-09-29 09:26:03", "age_s": 30800.1}
[2026-09-29 18:00:23] pid=1420 ACTIVE cpu=58796.5s(+58.6s) ws=61MB hb={"stage": "build_arb_tau:start", "ts": "2026-09-29 09:26:03", "age_s": 30860.1}
[2026-09-29 18:01:23] pid=1420 ACTIVE cpu=58855.3s(+58.8s) ws=54MB hb={"stage": "build_arb_tau:start", "ts": "2026-09-29 09:26:03", "age_s": 30920.1}
[2026-09-29 18:02:23] pid=1420 ACTIVE cpu=58914.8s(+59.5s) ws=52MB hb={"stage": "build_arb_tau:start", "ts": "2026-09-29 09:26:03", "age_s": 30980.1}
[2026-09-29 18:03:23] pid=1420 ACTIVE cpu=58974.4s(+59.6s) ws=51MB hb={"stage": "build_arb_tau:start", "ts": "2026-09-29 09:26:03", "age_s": 31040.1}
[2026-09-29 18:04:23] pid=1420 ACTIVE cpu=59033.9s(+59.5s) ws=55MB hb={"stage": "build_arb_tau:start", "ts": "2026-09-29 09:26:03", "age_s": 31100.1}
[2026-09-29 18:05:23] pid=1420 ACTIVE cpu=59093.1s(+59.2s) ws=60MB hb={"stage": "build_arb_tau:start", "ts": "2026-09-29 09:26:03", "age_s": 31160.1}
[2026-09-29 18:06:23] pid=1420 ACTIVE cpu=59152.8s(+59.6s) ws=56MB hb={"stage": "build_arb_tau:start", "ts": "2026-09-29 09:26:03", "age_s": 31220.1}
[2026-09-29 18:07:23] pid=1420 ACTIVE cpu=59211.7s(+58.9s) ws=56MB hb={"stage": "build_arb_tau:start", "ts": "2026-09-29 09:26:03", "age_s": 31280.1}
[2026-09-29 18:08:23] pid=1420 ACTIVE cpu=59270.8s(+59.1s) ws=61MB hb={"stage": "build_arb_tau:start", "ts": "2026-09-29 09:26:03", "age_s": 31340.1}
[2026-09-29 18:09:23] pid=1420 ACTIVE cpu=59329.5s(+58.7s) ws=66MB hb={"stage": "build_arb_tau:start", "ts": "2026-09-29 09:26:03", "age_s": 31400.1}
[2026-09-29 18:10:23] pid=1420 ACTIVE cpu=59389.2s(+59.7s) ws=63MB hb={"stage": "build_arb_tau:start", "ts": "2026-09-29 09:26:03", "age_s": 31460.1}
[2026-09-29 18:11:23] pid=1420 ACTIVE cpu=59448.8s(+59.6s) ws=59MB hb={"stage": "build_arb_tau:start", "ts": "2026-09-29 09:26:03", "age_s": 31520.1}
[2026-09-29 18:12:23] pid=1420 ACTIVE cpu=59499.9s(+51.0s) ws=58MB hb={"stage": "build_arb_tau:start", "ts": "2026-09-29 09:26:03", "age_s": 31580.3}
[2026-09-29 18:13:23] pid=1420 ACTIVE cpu=59553.0s(+53.2s) ws=60MB hb={"stage": "build_arb_tau:start", "ts": "2026-09-29 09:26:03", "age_s": 31640.3}
[2026-09-29 18:14:23] pid=1420 ACTIVE cpu=59604.9s(+51.8s) ws=58MB hb={"stage": "build_arb_tau:start", "ts": "2026-09-29 09:26:03", "age_s": 31700.3}
[2026-09-29 18:15:23] pid=1420 ACTIVE cpu=59658.3s(+53.4s) ws=55MB hb={"stage": "build_arb_tau:start", "ts": "2026-09-29 09:26:03", "age_s": 31760.3}
[2026-09-29 18:16:23] pid=1420 ACTIVE cpu=59714.0s(+55.7s) ws=52MB hb={"stage": "build_arb_tau:start", "ts": "2026-09-29 09:26:03", "age_s": 31820.3}
[2026-09-29 18:17:23] pid=1420 ACTIVE cpu=59763.0s(+49.1s) ws=54MB hb={"stage": "build_arb_tau:start", "ts": "2026-09-29 09:26:03", "age_s": 31880.3}
[2026-09-29 18:18:23] pid=1420 ACTIVE cpu=59817.3s(+54.3s) ws=54MB hb={"stage": "build_arb_tau:start", "ts": "2026-09-29 09:26:03", "age_s": 31940.3}
[2026-09-29 18:19:23] pid=1420 ACTIVE cpu=59872.6s(+55.2s) ws=54MB hb={"stage": "build_arb_tau:start", "ts": "2026-09-29 09:26:03", "age_s": 32000.3}
[2026-09-29 18:20:23] pid=1420 ACTIVE cpu=59927.6s(+55.1s) ws=49MB hb={"stage": "build_arb_tau:start", "ts": "2026-09-29 09:26:03", "age_s": 32060.3}
[2026-09-29 18:21:23] pid=1420 ACTIVE cpu=59982.8s(+55.1s) ws=49MB hb={"stage": "build_arb_tau:start", "ts": "2026-09-29 09:26:03", "age_s": 32120.3}
[2026-09-29 18:22:23] pid=1420 ACTIVE cpu=60038.3s(+55.5s) ws=49MB hb={"stage": "build_arb_tau:start", "ts": "2026-09-29 09:26:03", "age_s": 32180.3}
[2026-09-29 18:23:23] pid=1420 ACTIVE cpu=60074.3s(+36.0s) ws=51MB hb={"stage": "build_arb_tau:start", "ts": "2026-09-29 09:26:03", "age_s": 32240.3}
[2026-09-29 18:24:23] pid=1420 ACTIVE cpu=60126.7s(+52.4s) ws=51MB hb={"stage": "build_arb_tau:start", "ts": "2026-09-29 09:26:03", "age_s": 32300.3}
[2026-09-29 18:25:23] pid=1420 ACTIVE cpu=60180.5s(+53.8s) ws=49MB hb={"stage": "build_arb_tau:start", "ts": "2026-09-29 09:26:03", "age_s": 32360.4}
[2026-09-29 18:26:23] pid=1420 ACTIVE cpu=60235.5s(+55.0s) ws=53MB hb={"stage": "build_arb_tau:start", "ts": "2026-09-29 09:26:03", "age_s": 32420.4}
[2026-09-29 18:27:23] pid=1420 ACTIVE cpu=60290.8s(+55.2s) ws=53MB hb={"stage": "build_arb_tau:start", "ts": "2026-09-29 09:26:03", "age_s": 32480.4}
[2026-09-29 18:28:23] pid=1420 ACTIVE cpu=60337.8s(+47.0s) ws=47MB hb={"stage": "build_arb_tau:start", "ts": "2026-09-29 09:26:03", "age_s": 32540.4}
[2026-09-29 18:29:23] pid=1420 ACTIVE cpu=60383.7s(+45.9s) ws=46MB hb={"stage": "build_arb_tau:start", "ts": "2026-09-29 09:26:03", "age_s": 32600.4}
[2026-09-29 18:30:23] pid=1420 ACTIVE cpu=60438.8s(+55.2s) ws=48MB hb={"stage": "build_arb_tau:start", "ts": "2026-09-29 09:26:03", "age_s": 32660.4}
[2026-09-29 18:31:23] pid=1420 ACTIVE cpu=60493.5s(+54.7s) ws=51MB hb={"stage": "build_arb_tau:start", "ts": "2026-09-29 09:26:03", "age_s": 32720.4}
[2026-09-29 18:32:23] pid=1420 ACTIVE cpu=60548.1s(+54.6s) ws=48MB hb={"stage": "build_arb_tau:start", "ts": "2026-09-29 09:26:03", "age_s": 32780.4}
[2026-09-29 18:33:23] pid=1420 ACTIVE cpu=60603.0s(+54.9s) ws=51MB hb={"stage": "build_arb_tau:start", "ts": "2026-09-29 09:26:03", "age_s": 32840.4}
[2026-09-29 18:34:23] pid=1420 ACTIVE cpu=60646.0s(+43.0s) ws=54MB hb={"stage": "build_arb_tau:start", "ts": "2026-09-29 09:26:03", "age_s": 32900.4}
[2026-09-29 18:35:23] pid=1420 ACTIVE cpu=60696.3s(+50.2s) ws=52MB hb={"stage": "build_arb_tau:start", "ts": "2026-09-29 09:26:03", "age_s": 32960.4}
[2026-09-29 18:36:23] pid=1420 ACTIVE cpu=60750.9s(+54.6s) ws=47MB hb={"stage": "build_arb_tau:start", "ts": "2026-09-29 09:26:03", "age_s": 33020.4}
[2026-09-29 18:37:23] pid=1420 ACTIVE cpu=60804.9s(+54.0s) ws=51MB hb={"stage": "build_arb_tau:start", "ts": "2026-09-29 09:26:03", "age_s": 33080.4}
[2026-09-29 18:38:23] pid=1420 ACTIVE cpu=60856.9s(+52.1s) ws=49MB hb={"stage": "build_arb_tau:start", "ts": "2026-09-29 09:26:03", "age_s": 33140.4}
[2026-09-29 18:39:23] pid=1420 ACTIVE cpu=60912.4s(+55.4s) ws=45MB hb={"stage": "build_arb_tau:start", "ts": "2026-09-29 09:26:03", "age_s": 33200.4}
[2026-09-29 18:40:23] pid=1420 ACTIVE cpu=60972.0s(+59.6s) ws=48MB hb={"stage": "build_arb_tau:start", "ts": "2026-09-29 09:26:03", "age_s": 33260.4}
[2026-09-29 18:41:23] pid=1420 ACTIVE cpu=61029.1s(+57.1s) ws=48MB hb={"stage": "build_arb_tau:start", "ts": "2026-09-29 09:26:03", "age_s": 33320.4}
[2026-09-29 18:42:23] pid=1420 ACTIVE cpu=61088.7s(+59.5s) ws=53MB hb={"stage": "build_arb_tau:start", "ts": "2026-09-29 09:26:03", "age_s": 33380.4}
[2026-09-29 18:43:23] pid=1420 ACTIVE cpu=61147.9s(+59.2s) ws=58MB hb={"stage": "build_arb_tau:start", "ts": "2026-09-29 09:26:03", "age_s": 33440.4}
[2026-09-29 18:44:23] pid=1420 ACTIVE cpu=61204.9s(+57.0s) ws=379MB hb={"stage": "build_arb_tau:done", "ts": "2026-09-29 18:44:20", "age_s": 3.4}
[2026-09-29 18:45:23] pid=1420 ACTIVE cpu=61240.8s(+35.9s) ws=3483MB hb={"stage": "certified_ldlt:start", "ts": "2026-09-29 18:45:08", "age_s": 15.4}
[2026-09-29 18:46:23] pid=1420 ACTIVE cpu=61297.5s(+56.7s) ws=3556MB hb={"stage": "certified_ldlt:start", "ts": "2026-09-29 18:45:08", "age_s": 75.4}
[2026-09-29 18:47:23] pid=1420 ACTIVE cpu=61352.3s(+54.8s) ws=3599MB hb={"stage": "certified_ldlt:start", "ts": "2026-09-29 18:45:08", "age_s": 135.6}
[2026-09-29 18:48:23] pid=1420 ACTIVE cpu=61405.6s(+53.2s) ws=3630MB hb={"stage": "certified_ldlt:start", "ts": "2026-09-29 18:45:08", "age_s": 195.8}
[2026-09-29 18:49:23] pid=1420 ACTIVE cpu=61464.7s(+59.1s) ws=3662MB hb={"stage": "certified_ldlt:start", "ts": "2026-09-29 18:45:08", "age_s": 255.8}
[2026-09-29 18:50:23] pid=1420 ACTIVE cpu=61522.1s(+57.5s) ws=3689MB hb={"stage": "certified_ldlt:start", "ts": "2026-09-29 18:45:08", "age_s": 315.8}
[2026-09-29 18:51:23] pid=1420 ACTIVE cpu=61572.2s(+50.1s) ws=3343MB hb={"stage": "certified_ldlt:start", "ts": "2026-09-29 18:45:08", "age_s": 375.8}
[2026-09-29 18:52:23] pid=1420 ACTIVE cpu=61623.6s(+51.4s) ws=2888MB hb={"stage": "certified_ldlt:start", "ts": "2026-09-29 18:45:08", "age_s": 435.8}
[2026-09-29 18:53:23] pid=1420 ACTIVE cpu=61677.2s(+53.6s) ws=2537MB hb={"stage": "certified_ldlt:start", "ts": "2026-09-29 18:45:08", "age_s": 495.8}
[2026-09-29 18:54:23] pid=1420 ACTIVE cpu=61733.4s(+56.2s) ws=2186MB hb={"stage": "certified_ldlt:start", "ts": "2026-09-29 18:45:08", "age_s": 555.8}
[2026-09-29 18:55:23] pid=1420 ACTIVE cpu=61792.7s(+59.3s) ws=1929MB hb={"stage": "certified_ldlt:start", "ts": "2026-09-29 18:45:08", "age_s": 615.8}
[2026-09-29 18:56:23] pid=1420 ACTIVE cpu=61852.1s(+59.4s) ws=1728MB hb={"stage": "certified_ldlt:start", "ts": "2026-09-29 18:45:08", "age_s": 675.8}
[2026-09-29 18:57:23] pid=1420 ACTIVE cpu=61910.9s(+58.8s) ws=1567MB hb={"stage": "certified_ldlt:start", "ts": "2026-09-29 18:45:08", "age_s": 735.8}
[2026-09-29 18:58:23] pid=1420 ACTIVE cpu=61970.2s(+59.3s) ws=1331MB hb={"stage": "certified_ldlt:start", "ts": "2026-09-29 18:45:08", "age_s": 795.8}
[2026-09-29 18:59:23] pid=1420 ACTIVE cpu=62029.6s(+59.4s) ws=900MB hb={"stage": "certified_ldlt:start", "ts": "2026-09-29 18:45:08", "age_s": 855.8}
[2026-09-29 19:00:23] pid=1420 ACTIVE cpu=62088.5s(+59.0s) ws=835MB hb={"stage": "certified_ldlt:start", "ts": "2026-09-29 18:45:08", "age_s": 915.8}
[2026-09-29 19:01:23] pid=1420 ACTIVE cpu=62148.0s(+59.4s) ws=783MB hb={"stage": "certified_ldlt:start", "ts": "2026-09-29 18:45:08", "age_s": 975.8}
[2026-09-29 19:02:23] pid=1420 ACTIVE cpu=62207.4s(+59.4s) ws=712MB hb={"stage": "certified_ldlt:start", "ts": "2026-09-29 18:45:08", "age_s": 1035.8}
[2026-09-29 19:03:23] pid=1420 ACTIVE cpu=62266.9s(+59.5s) ws=592MB hb={"stage": "certified_ldlt:start", "ts": "2026-09-29 18:45:08", "age_s": 1095.8}
[2026-09-29 19:04:23] pid=1420 ACTIVE cpu=62326.2s(+59.3s) ws=596MB hb={"stage": "certified_ldlt:start", "ts": "2026-09-29 18:45:08", "age_s": 1155.8}
[2026-09-29 19:05:23] pid=1420 ACTIVE cpu=62377.0s(+50.8s) ws=582MB hb={"stage": "certified_ldlt:start", "ts": "2026-09-29 18:45:08", "age_s": 1215.8}
[2026-09-29 19:06:23] pid=1420 ACTIVE cpu=62429.1s(+52.1s) ws=586MB hb={"stage": "certified_ldlt:start", "ts": "2026-09-29 18:45:08", "age_s": 1275.8}
[2026-09-29 19:07:23] pid=1420 ACTIVE cpu=62483.2s(+54.2s) ws=591MB hb={"stage": "certified_ldlt:start", "ts": "2026-09-29 18:45:08", "age_s": 1335.8}
[2026-09-29 19:08:23] pid=1420 ACTIVE cpu=62536.4s(+53.1s) ws=607MB hb={"stage": "certified_ldlt:start", "ts": "2026-09-29 18:45:08", "age_s": 1395.8}
[2026-09-29 19:09:23] pid=1420 ACTIVE cpu=62586.7s(+50.4s) ws=627MB hb={"stage": "certified_ldlt:start", "ts": "2026-09-29 18:45:08", "age_s": 1455.8}
[2026-09-29 19:10:23] pid=1420 ACTIVE cpu=62638.7s(+51.9s) ws=647MB hb={"stage": "certified_ldlt:start", "ts": "2026-09-29 18:45:08", "age_s": 1515.8}
[2026-09-29 19:11:23] pid=1420 ACTIVE cpu=62689.0s(+50.3s) ws=672MB hb={"stage": "certified_ldlt:start", "ts": "2026-09-29 18:45:08", "age_s": 1575.8}
[2026-09-29 19:12:23] pid=1420 ACTIVE cpu=62738.2s(+49.2s) ws=695MB hb={"stage": "certified_ldlt:start", "ts": "2026-09-29 18:45:08", "age_s": 1635.8}
[2026-09-29 19:13:23] pid=1420 ACTIVE cpu=62794.5s(+56.3s) ws=713MB hb={"stage": "certified_ldlt:start", "ts": "2026-09-29 18:45:08", "age_s": 1695.8}
[2026-09-29 19:14:23] pid=1420 ACTIVE cpu=62851.6s(+57.1s) ws=731MB hb={"stage": "certified_ldlt:start", "ts": "2026-09-29 18:45:08", "age_s": 1755.8}
[2026-09-29 19:15:23] pid=1420 ACTIVE cpu=62907.2s(+55.6s) ws=747MB hb={"stage": "certified_ldlt:start", "ts": "2026-09-29 18:45:08", "age_s": 1815.8}
[2026-09-29 19:16:23] pid=1420 ACTIVE cpu=62963.6s(+56.4s) ws=767MB hb={"stage": "certified_ldlt:start", "ts": "2026-09-29 18:45:08", "age_s": 1875.8}
[2026-09-29 19:17:23] pid=1420 ACTIVE cpu=63016.4s(+52.8s) ws=755MB hb={"stage": "certified_ldlt:start", "ts": "2026-09-29 18:45:08", "age_s": 1935.8}
[2026-09-29 19:18:23] pid=1420 ACTIVE cpu=63069.6s(+53.2s) ws=767MB hb={"stage": "certified_ldlt:start", "ts": "2026-09-29 18:45:08", "age_s": 1995.8}
[2026-09-29 19:19:23] pid=1420 ACTIVE cpu=63125.1s(+55.5s) ws=786MB hb={"stage": "certified_ldlt:start", "ts": "2026-09-29 18:45:08", "age_s": 2055.8}
[2026-09-29 19:20:23] pid=1420 ACTIVE cpu=63176.7s(+51.6s) ws=797MB hb={"stage": "certified_ldlt:start", "ts": "2026-09-29 18:45:08", "age_s": 2115.8}
[2026-09-29 19:21:23] pid=1420 ACTIVE cpu=63231.9s(+55.1s) ws=808MB hb={"stage": "certified_ldlt:start", "ts": "2026-09-29 18:45:08", "age_s": 2175.8}
[2026-09-29 19:22:23] pid=1420 ACTIVE cpu=63289.9s(+58.0s) ws=823MB hb={"stage": "certified_ldlt:start", "ts": "2026-09-29 18:45:08", "age_s": 2235.8}
[2026-09-29 19:23:23] pid=1420 ACTIVE cpu=63341.0s(+51.1s) ws=809MB hb={"stage": "certified_ldlt:start", "ts": "2026-09-29 18:45:08", "age_s": 2295.8}
[2026-09-29 19:24:23] pid=1420 ACTIVE cpu=63392.6s(+51.6s) ws=816MB hb={"stage": "certified_ldlt:start", "ts": "2026-09-29 18:45:08", "age_s": 2355.8}
[2026-09-29 19:25:23] pid=1420 ACTIVE cpu=63443.3s(+50.7s) ws=800MB hb={"stage": "certified_ldlt:start", "ts": "2026-09-29 18:45:08", "age_s": 2415.8}
[2026-09-29 19:26:23] pid=1420 ACTIVE cpu=63498.2s(+54.9s) ws=806MB hb={"stage": "certified_ldlt:start", "ts": "2026-09-29 18:45:08", "age_s": 2475.8}
[2026-09-29 19:27:23] pid=1420 ACTIVE cpu=63555.0s(+56.8s) ws=812MB hb={"stage": "certified_ldlt:start", "ts": "2026-09-29 18:45:08", "age_s": 2535.8}
[2026-09-29 19:28:23] pid=1420 ACTIVE cpu=63603.0s(+48.0s) ws=817MB hb={"stage": "certified_ldlt:start", "ts": "2026-09-29 18:45:08", "age_s": 2595.8}
[2026-09-29 19:29:23] pid=1420 ACTIVE cpu=63656.7s(+53.7s) ws=828MB hb={"stage": "certified_ldlt:start", "ts": "2026-09-29 18:45:08", "age_s": 2655.8}
[2026-09-29 19:30:23] pid=1420 ACTIVE cpu=63711.4s(+54.7s) ws=806MB hb={"stage": "certified_ldlt:start", "ts": "2026-09-29 18:45:08", "age_s": 2715.9}
[2026-09-29 19:31:23] pid=1420 ACTIVE cpu=63764.4s(+53.0s) ws=813MB hb={"stage": "certified_ldlt:start", "ts": "2026-09-29 18:45:08", "age_s": 2775.9}
[2026-09-29 19:32:23] pid=1420 ACTIVE cpu=63818.0s(+53.5s) ws=830MB hb={"stage": "certified_ldlt:start", "ts": "2026-09-29 18:45:08", "age_s": 2835.9}
[2026-09-29 19:33:23] pid=1420 ACTIVE cpu=63874.9s(+57.0s) ws=845MB hb={"stage": "certified_ldlt:start", "ts": "2026-09-29 18:45:08", "age_s": 2895.9}
[2026-09-29 19:34:23] pid=1420 ACTIVE cpu=63923.7s(+48.8s) ws=847MB hb={"stage": "certified_ldlt:start", "ts": "2026-09-29 18:45:08", "age_s": 2955.9}
[2026-09-29 19:35:23] pid=1420 ACTIVE cpu=63978.5s(+54.8s) ws=861MB hb={"stage": "certified_ldlt:start", "ts": "2026-09-29 18:45:08", "age_s": 3015.9}
[2026-09-29 19:36:23] pid=1420 ACTIVE cpu=64034.7s(+56.2s) ws=805MB hb={"stage": "certified_ldlt:start", "ts": "2026-09-29 18:45:08", "age_s": 3075.9}
[2026-09-29 19:37:23] pid=1420 ACTIVE cpu=64089.3s(+54.6s) ws=822MB hb={"stage": "certified_ldlt:start", "ts": "2026-09-29 18:45:08", "age_s": 3135.9}
[2026-09-29 19:38:23] pid=1420 ACTIVE cpu=64146.6s(+57.3s) ws=842MB hb={"stage": "certified_ldlt:start", "ts": "2026-09-29 18:45:08", "age_s": 3195.9}
[2026-09-29 19:39:23] pid=1420 ACTIVE cpu=64193.7s(+47.1s) ws=852MB hb={"stage": "certified_ldlt:start", "ts": "2026-09-29 18:45:08", "age_s": 3255.9}
[2026-09-29 19:40:23] pid=1420 ACTIVE cpu=64250.4s(+56.7s) ws=858MB hb={"stage": "certified_ldlt:start", "ts": "2026-09-29 18:45:08", "age_s": 3315.9}
[2026-09-29 19:41:23] pid=1420 ACTIVE cpu=64308.8s(+58.4s) ws=861MB hb={"stage": "certified_ldlt:start", "ts": "2026-09-29 18:45:08", "age_s": 3375.9}
[2026-09-29 19:42:23] pid=1420 ACTIVE cpu=64360.8s(+52.1s) ws=824MB hb={"stage": "certified_ldlt:start", "ts": "2026-09-29 18:45:08", "age_s": 3435.9}
[2026-09-29 19:43:23] pid=1420 ACTIVE cpu=64414.6s(+53.8s) ws=841MB hb={"stage": "certified_ldlt:start", "ts": "2026-09-29 18:45:08", "age_s": 3495.9}
[2026-09-29 19:44:23] pid=1420 ACTIVE cpu=64470.4s(+55.7s) ws=855MB hb={"stage": "certified_ldlt:start", "ts": "2026-09-29 18:45:08", "age_s": 3555.9}
[2026-09-29 19:45:23] pid=1420 ACTIVE cpu=64511.9s(+41.5s) ws=849MB hb={"stage": "certified_ldlt:start", "ts": "2026-09-29 18:45:08", "age_s": 3615.9}
[2026-09-29 19:46:23] pid=1420 ACTIVE cpu=64570.0s(+58.1s) ws=857MB hb={"stage": "certified_ldlt:start", "ts": "2026-09-29 18:45:08", "age_s": 3675.9}
[2026-09-29 19:47:23] pid=1420 ACTIVE cpu=64628.2s(+58.2s) ws=875MB hb={"stage": "certified_ldlt:start", "ts": "2026-09-29 18:45:08", "age_s": 3735.9}
[2026-09-29 19:48:23] pid=1420 ACTIVE cpu=64686.1s(+57.9s) ws=864MB hb={"stage": "certified_ldlt:start", "ts": "2026-09-29 18:45:08", "age_s": 3795.9}
[2026-09-29 19:49:23] pid=1420 ACTIVE cpu=64743.2s(+57.1s) ws=851MB hb={"stage": "certified_ldlt:start", "ts": "2026-09-29 18:45:08", "age_s": 3855.9}
[2026-09-29 19:50:23] pid=1420 ACTIVE cpu=64789.8s(+46.5s) ws=851MB hb={"stage": "certified_ldlt:start", "ts": "2026-09-29 18:45:08", "age_s": 3916.0}
[2026-09-29 19:51:23] pid=1420 ACTIVE cpu=64840.9s(+51.2s) ws=856MB hb={"stage": "certified_ldlt:start", "ts": "2026-09-29 18:45:08", "age_s": 3976.0}
[2026-09-29 19:52:23] pid=1420 ACTIVE cpu=64893.5s(+52.6s) ws=862MB hb={"stage": "certified_ldlt:start", "ts": "2026-09-29 18:45:08", "age_s": 4036.0}
[2026-09-29 19:53:23] pid=1420 ACTIVE cpu=64947.8s(+54.3s) ws=864MB hb={"stage": "certified_ldlt:start", "ts": "2026-09-29 18:45:08", "age_s": 4096.0}
[2026-09-29 19:54:23] pid=1420 ACTIVE cpu=65000.5s(+52.6s) ws=871MB hb={"stage": "certified_ldlt:start", "ts": "2026-09-29 18:45:08", "age_s": 4156.0}
[2026-09-29 19:55:23] pid=1420 ACTIVE cpu=65055.9s(+55.4s) ws=878MB hb={"stage": "certified_ldlt:start", "ts": "2026-09-29 18:45:08", "age_s": 4216.0}
[2026-09-29 19:56:23] pid=1420 ACTIVE cpu=65107.4s(+51.5s) ws=884MB hb={"stage": "certified_ldlt:start", "ts": "2026-09-29 18:45:08", "age_s": 4276.0}
[2026-09-29 19:57:23] pid=1420 ACTIVE cpu=65162.6s(+55.2s) ws=888MB hb={"stage": "certified_ldlt:start", "ts": "2026-09-29 18:45:08", "age_s": 4336.0}
[2026-09-29 19:58:23] pid=1420 ACTIVE cpu=65213.8s(+51.2s) ws=870MB hb={"stage": "certified_ldlt:start", "ts": "2026-09-29 18:45:08", "age_s": 4396.0}
[2026-09-29 19:59:24] pid=1420 ACTIVE cpu=65267.6s(+53.9s) ws=879MB hb={"stage": "certified_ldlt:start", "ts": "2026-09-29 18:45:08", "age_s": 4456.1}
[2026-09-29 20:00:24] pid=1420 ACTIVE cpu=65324.6s(+56.9s) ws=871MB hb={"stage": "certified_ldlt:start", "ts": "2026-09-29 18:45:08", "age_s": 4516.3}
[2026-09-29 20:01:24] pid=1420 ACTIVE cpu=65378.0s(+53.4s) ws=877MB hb={"stage": "certified_ldlt:start", "ts": "2026-09-29 18:45:08", "age_s": 4576.3}
[2026-09-29 20:02:24] pid=1420 ACTIVE cpu=65429.1s(+51.2s) ws=878MB hb={"stage": "certified_ldlt:start", "ts": "2026-09-29 18:45:08", "age_s": 4636.3}
[2026-09-29 20:03:24] pid=1420 ACTIVE cpu=65483.2s(+54.1s) ws=880MB hb={"stage": "certified_ldlt:start", "ts": "2026-09-29 18:45:08", "age_s": 4696.3}
[2026-09-29 20:04:24] pid=1420 ACTIVE cpu=65541.5s(+58.3s) ws=887MB hb={"stage": "certified_ldlt:start", "ts": "2026-09-29 18:45:08", "age_s": 4756.3}
[2026-09-29 20:05:24] pid=1420 ACTIVE cpu=65599.1s(+57.6s) ws=886MB hb={"stage": "certified_ldlt:start", "ts": "2026-09-29 18:45:08", "age_s": 4816.3}
[2026-09-29 20:06:24] pid=1420 ACTIVE cpu=65655.8s(+56.7s) ws=883MB hb={"stage": "certified_ldlt:start", "ts": "2026-09-29 18:45:08", "age_s": 4876.3}
[2026-09-29 20:07:24] pid=1420 ACTIVE cpu=65715.1s(+59.3s) ws=883MB hb={"stage": "certified_ldlt:start", "ts": "2026-09-29 18:45:08", "age_s": 4936.3}
[2026-09-29 20:08:24] pid=1420 ACTIVE cpu=65773.7s(+58.6s) ws=880MB hb={"stage": "certified_ldlt:start", "ts": "2026-09-29 18:45:08", "age_s": 4996.3}
[2026-09-29 20:09:24] pid=1420 ACTIVE cpu=65832.7s(+59.0s) ws=880MB hb={"stage": "certified_ldlt:start", "ts": "2026-09-29 18:45:08", "age_s": 5056.3}
[2026-09-29 20:10:24] pid=1420 ACTIVE cpu=65891.7s(+59.0s) ws=889MB hb={"stage": "certified_ldlt:start", "ts": "2026-09-29 18:45:08", "age_s": 5116.3}
[2026-09-29 20:11:24] pid=1420 ACTIVE cpu=65949.4s(+57.8s) ws=892MB hb={"stage": "certified_ldlt:start", "ts": "2026-09-29 18:45:08", "age_s": 5176.3}
[2026-09-29 20:12:24] pid=1420 ACTIVE cpu=65993.9s(+44.5s) ws=885MB hb={"stage": "certified_ldlt:start", "ts": "2026-09-29 18:45:08", "age_s": 5236.3}
[2026-09-29 20:13:24] pid=1420 ACTIVE cpu=66048.2s(+54.3s) ws=879MB hb={"stage": "certified_ldlt:start", "ts": "2026-09-29 18:45:08", "age_s": 5296.3}
[2026-09-29 20:14:24] pid=1420 ACTIVE cpu=66104.3s(+56.1s) ws=874MB hb={"stage": "certified_ldlt:start", "ts": "2026-09-29 18:45:08", "age_s": 5356.3}
[2026-09-29 20:15:24] pid=1420 ACTIVE cpu=66160.9s(+56.6s) ws=877MB hb={"stage": "certified_ldlt:start", "ts": "2026-09-29 18:45:08", "age_s": 5416.3}
[2026-09-29 20:16:24] pid=1420 ACTIVE cpu=66215.7s(+54.8s) ws=876MB hb={"stage": "certified_ldlt:start", "ts": "2026-09-29 18:45:08", "age_s": 5476.3}
[2026-09-29 20:17:25] pid=1420 ACTIVE cpu=66271.9s(+56.2s) ws=875MB hb={"stage": "certified_ldlt:start", "ts": "2026-09-29 18:45:08", "age_s": 5537.9}
[2026-09-29 20:18:25] pid=1420 ACTIVE cpu=66328.7s(+56.7s) ws=876MB hb={"stage": "certified_ldlt:start", "ts": "2026-09-29 18:45:08", "age_s": 5598.0}
[2026-09-29 20:19:25] pid=1420 ACTIVE cpu=66385.8s(+57.2s) ws=886MB hb={"stage": "certified_ldlt:start", "ts": "2026-09-29 18:45:08", "age_s": 5658.0}
[2026-09-29 20:20:25] pid=1420 ACTIVE cpu=66445.1s(+59.2s) ws=888MB hb={"stage": "certified_ldlt:start", "ts": "2026-09-29 18:45:08", "age_s": 5718.0}
[2026-09-29 20:21:25] pid=1420 ACTIVE cpu=66504.2s(+59.1s) ws=887MB hb={"stage": "certified_ldlt:start", "ts": "2026-09-29 18:45:08", "age_s": 5778.0}
[2026-09-29 20:22:25] pid=1420 ACTIVE cpu=66563.3s(+59.1s) ws=895MB hb={"stage": "certified_ldlt:start", "ts": "2026-09-29 18:45:08", "age_s": 5838.0}
[2026-09-29 20:23:25] pid=1420 ACTIVE cpu=66622.5s(+59.2s) ws=889MB hb={"stage": "certified_ldlt:start", "ts": "2026-09-29 18:45:08", "age_s": 5898.0}
[2026-09-29 20:24:25] pid=1420 ACTIVE cpu=66681.8s(+59.3s) ws=877MB hb={"stage": "certified_ldlt:start", "ts": "2026-09-29 18:45:08", "age_s": 5958.0}
[2026-09-29 20:25:25] pid=1420 ACTIVE cpu=66741.1s(+59.3s) ws=828MB hb={"stage": "certified_ldlt:start", "ts": "2026-09-29 18:45:08", "age_s": 6018.0}
[2026-09-29 20:26:25] pid=1420 ACTIVE cpu=66800.5s(+59.3s) ws=811MB hb={"stage": "certified_ldlt:start", "ts": "2026-09-29 18:45:08", "age_s": 6078.0}
[2026-09-29 20:27:25] pid=1420 ACTIVE cpu=66859.7s(+59.2s) ws=804MB hb={"stage": "certified_ldlt:start", "ts": "2026-09-29 18:45:08", "age_s": 6138.0}
[2026-09-29 20:28:25] pid=1420 ACTIVE cpu=66919.1s(+59.4s) ws=796MB hb={"stage": "certified_ldlt:start", "ts": "2026-09-29 18:45:08", "age_s": 6198.0}
[2026-09-29 20:29:25] pid=1420 ACTIVE cpu=66978.5s(+59.4s) ws=807MB hb={"stage": "certified_ldlt:start", "ts": "2026-09-29 18:45:08", "age_s": 6258.0}
[2026-09-29 20:30:25] pid=1420 ACTIVE cpu=67037.8s(+59.3s) ws=796MB hb={"stage": "certified_ldlt:start", "ts": "2026-09-29 18:45:08", "age_s": 6318.0}
[2026-09-29 20:31:25] pid=1420 ACTIVE cpu=67097.1s(+59.3s) ws=806MB hb={"stage": "certified_ldlt:start", "ts": "2026-09-29 18:45:08", "age_s": 6378.0}
[2026-09-29 20:32:25] pid=1420 ACTIVE cpu=67156.4s(+59.3s) ws=797MB hb={"stage": "certified_ldlt:start", "ts": "2026-09-29 18:45:08", "age_s": 6438.0}
[2026-09-29 20:33:25] pid=1420 ACTIVE cpu=67215.7s(+59.3s) ws=806MB hb={"stage": "certified_ldlt:start", "ts": "2026-09-29 18:45:08", "age_s": 6498.0}
[2026-09-29 20:34:25] pid=1420 ACTIVE cpu=67275.0s(+59.3s) ws=796MB hb={"stage": "certified_ldlt:start", "ts": "2026-09-29 18:45:08", "age_s": 6558.0}
[2026-09-29 20:35:25] pid=1420 ACTIVE cpu=67334.5s(+59.5s) ws=785MB hb={"stage": "certified_ldlt:start", "ts": "2026-09-29 18:45:08", "age_s": 6618.0}
[2026-09-29 20:36:25] pid=1420 ACTIVE cpu=67393.7s(+59.2s) ws=795MB hb={"stage": "certified_ldlt:start", "ts": "2026-09-29 18:45:08", "age_s": 6678.0}
[2026-09-29 20:37:25] pid=1420 ACTIVE cpu=67452.8s(+59.1s) ws=785MB hb={"stage": "certified_ldlt:start", "ts": "2026-09-29 18:45:08", "age_s": 6738.0}
[2026-09-29 20:38:25] pid=1420 ACTIVE cpu=67512.1s(+59.3s) ws=794MB hb={"stage": "certified_ldlt:start", "ts": "2026-09-29 18:45:08", "age_s": 6798.0}
[2026-09-29 20:39:25] pid=1420 ACTIVE cpu=67571.5s(+59.4s) ws=785MB hb={"stage": "certified_ldlt:start", "ts": "2026-09-29 18:45:08", "age_s": 6858.0}
[2026-09-29 20:40:25] pid=1420 ACTIVE cpu=67631.1s(+59.6s) ws=789MB hb={"stage": "certified_ldlt:start", "ts": "2026-09-29 18:45:08", "age_s": 6918.0}
[2026-09-29 20:41:25] pid=1420 ACTIVE cpu=67690.2s(+59.1s) ws=782MB hb={"stage": "certified_ldlt:start", "ts": "2026-09-29 18:45:08", "age_s": 6978.0}
[2026-09-29 20:42:25] pid=1420 ACTIVE cpu=67749.5s(+59.3s) ws=787MB hb={"stage": "certified_ldlt:start", "ts": "2026-09-29 18:45:08", "age_s": 7038.0}
[2026-09-29 20:43:25] pid=1420 ACTIVE cpu=67809.0s(+59.4s) ws=781MB hb={"stage": "certified_ldlt:start", "ts": "2026-09-29 18:45:08", "age_s": 7098.0}
[2026-09-29 20:44:25] pid=1420 ACTIVE cpu=67868.5s(+59.5s) ws=770MB hb={"stage": "certified_ldlt:start", "ts": "2026-09-29 18:45:08", "age_s": 7158.0}
[2026-09-29 20:45:26] pid=1420 ACTIVE cpu=67927.9s(+59.5s) ws=778MB hb={"stage": "certified_ldlt:start", "ts": "2026-09-29 18:45:08", "age_s": 7218.0}
[2026-09-29 20:46:26] pid=1420 ACTIVE cpu=67987.4s(+59.5s) ws=770MB hb={"stage": "certified_ldlt:start", "ts": "2026-09-29 18:45:08", "age_s": 7278.0}
[2026-09-29 20:47:26] pid=1420 ACTIVE cpu=68046.7s(+59.3s) ws=768MB hb={"stage": "certified_ldlt:start", "ts": "2026-09-29 18:45:08", "age_s": 7338.0}
[2026-09-29 20:48:26] pid=1420 ACTIVE cpu=68106.0s(+59.3s) ws=761MB hb={"stage": "certified_ldlt:start", "ts": "2026-09-29 18:45:08", "age_s": 7398.0}
[2026-09-29 20:49:26] pid=1420 ACTIVE cpu=68165.6s(+59.6s) ws=763MB hb={"stage": "certified_ldlt:start", "ts": "2026-09-29 18:45:08", "age_s": 7458.0}
[2026-09-29 20:50:26] pid=1420 ACTIVE cpu=68225.1s(+59.5s) ws=755MB hb={"stage": "certified_ldlt:start", "ts": "2026-09-29 18:45:08", "age_s": 7518.0}
[2026-09-29 20:51:26] pid=1420 ACTIVE cpu=68284.3s(+59.2s) ws=756MB hb={"stage": "certified_ldlt:start", "ts": "2026-09-29 18:45:08", "age_s": 7578.0}
[2026-09-29 20:52:26] pid=1420 ACTIVE cpu=68343.1s(+58.8s) ws=758MB hb={"stage": "certified_ldlt:start", "ts": "2026-09-29 18:45:08", "age_s": 7638.0}
[2026-09-29 20:53:26] pid=1420 ACTIVE cpu=68402.3s(+59.2s) ws=759MB hb={"stage": "certified_ldlt:start", "ts": "2026-09-29 18:45:08", "age_s": 7698.0}
[2026-09-29 20:54:26] pid=1420 ACTIVE cpu=68461.6s(+59.3s) ws=745MB hb={"stage": "certified_ldlt:start", "ts": "2026-09-29 18:45:08", "age_s": 7758.0}
[2026-09-29 20:55:26] pid=1420 ACTIVE cpu=68520.9s(+59.3s) ws=748MB hb={"stage": "certified_ldlt:start", "ts": "2026-09-29 18:45:08", "age_s": 7818.0}
[2026-09-29 20:56:26] pid=1420 ACTIVE cpu=68580.4s(+59.5s) ws=747MB hb={"stage": "certified_ldlt:start", "ts": "2026-09-29 18:45:08", "age_s": 7878.0}
[2026-09-29 20:57:26] pid=1420 ACTIVE cpu=68639.8s(+59.4s) ws=740MB hb={"stage": "certified_ldlt:start", "ts": "2026-09-29 18:45:08", "age_s": 7938.0}
[2026-09-29 20:58:26] pid=1420 ACTIVE cpu=68698.9s(+59.1s) ws=739MB hb={"stage": "certified_ldlt:start", "ts": "2026-09-29 18:45:08", "age_s": 7998.0}
[2026-09-29 20:59:26] pid=1420 ACTIVE cpu=68757.9s(+59.0s) ws=735MB hb={"stage": "certified_ldlt:start", "ts": "2026-09-29 18:45:08", "age_s": 8058.0}
[2026-09-29 21:00:26] pid=1420 ACTIVE cpu=68817.3s(+59.4s) ws=734MB hb={"stage": "certified_ldlt:start", "ts": "2026-09-29 18:45:08", "age_s": 8118.0}
[2026-09-29 21:01:26] pid=1420 ACTIVE cpu=68876.7s(+59.4s) ws=727MB hb={"stage": "certified_ldlt:start", "ts": "2026-09-29 18:45:08", "age_s": 8178.0}
[2026-09-29 21:02:26] pid=1420 ACTIVE cpu=68936.0s(+59.3s) ws=724MB hb={"stage": "certified_ldlt:start", "ts": "2026-09-29 18:45:08", "age_s": 8238.0}
[2026-09-29 21:03:26] pid=1420 ACTIVE cpu=68995.5s(+59.5s) ws=719MB hb={"stage": "certified_ldlt:start", "ts": "2026-09-29 18:45:08", "age_s": 8298.0}
[2026-09-29 21:04:26] pid=1420 ACTIVE cpu=69054.8s(+59.4s) ws=720MB hb={"stage": "certified_ldlt:start", "ts": "2026-09-29 18:45:08", "age_s": 8358.0}
[2026-09-29 21:05:26] pid=1420 ACTIVE cpu=69114.2s(+59.4s) ws=708MB hb={"stage": "certified_ldlt:start", "ts": "2026-09-29 18:45:08", "age_s": 8418.0}
[2026-09-29 21:06:26] pid=1420 ACTIVE cpu=69173.7s(+59.4s) ws=706MB hb={"stage": "certified_ldlt:start", "ts": "2026-09-29 18:45:08", "age_s": 8478.0}
[2026-09-29 21:07:26] pid=1420 ACTIVE cpu=69232.7s(+59.0s) ws=709MB hb={"stage": "certified_ldlt:start", "ts": "2026-09-29 18:45:08", "age_s": 8538.0}
[2026-09-29 21:08:26] pid=1420 ACTIVE cpu=69292.1s(+59.4s) ws=701MB hb={"stage": "certified_ldlt:start", "ts": "2026-09-29 18:45:08", "age_s": 8598.0}
[2026-09-29 21:09:26] pid=1420 ACTIVE cpu=69351.4s(+59.4s) ws=696MB hb={"stage": "certified_ldlt:start", "ts": "2026-09-29 18:45:08", "age_s": 8658.0}
[2026-09-29 21:10:26] pid=1420 ACTIVE cpu=69411.0s(+59.5s) ws=689MB hb={"stage": "certified_ldlt:start", "ts": "2026-09-29 18:45:08", "age_s": 8718.0}
[2026-09-29 21:11:26] pid=1420 ACTIVE cpu=69470.5s(+59.5s) ws=680MB hb={"stage": "certified_ldlt:start", "ts": "2026-09-29 18:45:08", "age_s": 8778.0}
[2026-09-29 21:12:26] pid=1420 ACTIVE cpu=69529.0s(+58.5s) ws=677MB hb={"stage": "certified_ldlt:start", "ts": "2026-09-29 18:45:08", "age_s": 8838.0}
[2026-09-29 21:13:26] pid=1420 ACTIVE cpu=69588.5s(+59.6s) ws=679MB hb={"stage": "certified_ldlt:start", "ts": "2026-09-29 18:45:08", "age_s": 8898.0}
[2026-09-29 21:14:26] pid=1420 ACTIVE cpu=69648.0s(+59.4s) ws=673MB hb={"stage": "certified_ldlt:start", "ts": "2026-09-29 18:45:08", "age_s": 8958.0}
[2026-09-29 21:15:26] pid=1420 ACTIVE cpu=69707.4s(+59.5s) ws=669MB hb={"stage": "certified_ldlt:start", "ts": "2026-09-29 18:45:08", "age_s": 9018.0}
[2026-09-29 21:16:26] pid=1420 ACTIVE cpu=69766.9s(+59.5s) ws=659MB hb={"stage": "certified_ldlt:start", "ts": "2026-09-29 18:45:08", "age_s": 9078.0}
[2026-09-29 21:17:26] pid=1420 ACTIVE cpu=69826.2s(+59.3s) ws=656MB hb={"stage": "certified_ldlt:start", "ts": "2026-09-29 18:45:08", "age_s": 9138.0}
[2026-09-29 21:18:26] pid=1420 ACTIVE cpu=69885.6s(+59.4s) ws=649MB hb={"stage": "certified_ldlt:start", "ts": "2026-09-29 18:45:08", "age_s": 9198.0}
[2026-09-29 21:19:26] pid=1420 ACTIVE cpu=69944.9s(+59.3s) ws=652MB hb={"stage": "certified_ldlt:start", "ts": "2026-09-29 18:45:08", "age_s": 9258.0}
[2026-09-29 21:20:26] pid=1420 ACTIVE cpu=70004.2s(+59.3s) ws=633MB hb={"stage": "certified_ldlt:start", "ts": "2026-09-29 18:45:08", "age_s": 9318.0}
[2026-09-29 21:21:26] pid=1420 ACTIVE cpu=70061.6s(+57.4s) ws=634MB hb={"stage": "certified_ldlt:start", "ts": "2026-09-29 18:45:08", "age_s": 9378.0}
[2026-09-29 21:22:26] pid=1420 ACTIVE cpu=70120.2s(+58.6s) ws=634MB hb={"stage": "certified_ldlt:start", "ts": "2026-09-29 18:45:08", "age_s": 9438.1}
[2026-09-29 21:23:26] pid=1420 ACTIVE cpu=70175.8s(+55.5s) ws=619MB hb={"stage": "certified_ldlt:start", "ts": "2026-09-29 18:45:08", "age_s": 9498.1}
[2026-09-29 21:24:26] pid=1420 ACTIVE cpu=70234.2s(+58.4s) ws=626MB hb={"stage": "certified_ldlt:start", "ts": "2026-09-29 18:45:08", "age_s": 9558.1}
[2026-09-29 21:25:26] pid=1420 ACTIVE cpu=70293.1s(+58.9s) ws=633MB hb={"stage": "certified_ldlt:start", "ts": "2026-09-29 18:45:08", "age_s": 9618.1}
[2026-09-29 21:26:26] pid=1420 ACTIVE cpu=70351.8s(+58.7s) ws=639MB hb={"stage": "certified_ldlt:start", "ts": "2026-09-29 18:45:08", "age_s": 9678.1}
[2026-09-29 21:27:26] pid=1420 ACTIVE cpu=70409.8s(+58.1s) ws=645MB hb={"stage": "certified_ldlt:start", "ts": "2026-09-29 18:45:08", "age_s": 9738.1}
[2026-09-29 21:28:26] pid=1420 ACTIVE cpu=70468.8s(+59.0s) ws=654MB hb={"stage": "build_arb_tau:start", "ts": "2026-09-29 21:27:31", "age_s": 55.1}
[2026-09-29 21:29:26] pid=1420 ACTIVE cpu=70528.1s(+59.3s) ws=644MB hb={"stage": "build_arb_tau:start", "ts": "2026-09-29 21:27:31", "age_s": 115.1}
[2026-09-29 21:30:26] pid=1420 ACTIVE cpu=70587.6s(+59.5s) ws=637MB hb={"stage": "build_arb_tau:start", "ts": "2026-09-29 21:27:31", "age_s": 175.1}
[2026-09-29 21:31:26] pid=1420 ACTIVE cpu=70644.7s(+57.0s) ws=627MB hb={"stage": "build_arb_tau:start", "ts": "2026-09-29 21:27:31", "age_s": 235.1}
[2026-09-29 21:32:26] pid=1420 ACTIVE cpu=70704.1s(+59.5s) ws=620MB hb={"stage": "build_arb_tau:start", "ts": "2026-09-29 21:27:31", "age_s": 295.1}
[2026-09-29 21:33:26] pid=1420 ACTIVE cpu=70763.4s(+59.3s) ws=587MB hb={"stage": "build_arb_tau:start", "ts": "2026-09-29 21:27:31", "age_s": 355.1}
[2026-09-29 21:34:26] pid=1420 ACTIVE cpu=70822.9s(+59.5s) ws=490MB hb={"stage": "build_arb_tau:start", "ts": "2026-09-29 21:27:31", "age_s": 415.1}
[2026-09-29 21:35:26] pid=1420 ACTIVE cpu=70882.4s(+59.5s) ws=409MB hb={"stage": "build_arb_tau:start", "ts": "2026-09-29 21:27:31", "age_s": 475.1}
[2026-09-29 21:36:26] pid=1420 ACTIVE cpu=70940.9s(+58.6s) ws=341MB hb={"stage": "build_arb_tau:start", "ts": "2026-09-29 21:27:31", "age_s": 535.1}
[2026-09-29 21:37:26] pid=1420 ACTIVE cpu=70989.1s(+48.2s) ws=286MB hb={"stage": "build_arb_tau:start", "ts": "2026-09-29 21:27:31", "age_s": 595.5}
[2026-09-29 21:38:26] pid=1420 ACTIVE cpu=71034.8s(+45.8s) ws=246MB hb={"stage": "build_arb_tau:start", "ts": "2026-09-29 21:27:31", "age_s": 655.5}
[2026-09-29 21:39:26] pid=1420 ACTIVE cpu=71084.6s(+49.7s) ws=207MB hb={"stage": "build_arb_tau:start", "ts": "2026-09-29 21:27:31", "age_s": 715.5}
[2026-09-29 21:40:26] pid=1420 ACTIVE cpu=71137.3s(+52.8s) ws=172MB hb={"stage": "build_arb_tau:start", "ts": "2026-09-29 21:27:31", "age_s": 775.5}
[2026-09-29 21:41:26] pid=1420 ACTIVE cpu=71192.3s(+55.0s) ws=146MB hb={"stage": "build_arb_tau:start", "ts": "2026-09-29 21:27:31", "age_s": 835.5}
[2026-09-29 21:42:26] pid=1420 ACTIVE cpu=71243.7s(+51.4s) ws=121MB hb={"stage": "build_arb_tau:start", "ts": "2026-09-29 21:27:31", "age_s": 895.5}
[2026-09-29 21:43:26] pid=1420 ACTIVE cpu=71286.7s(+43.0s) ws=100MB hb={"stage": "build_arb_tau:start", "ts": "2026-09-29 21:27:31", "age_s": 955.5}
[2026-09-29 21:44:26] pid=1420 ACTIVE cpu=71337.2s(+50.5s) ws=82MB hb={"stage": "build_arb_tau:start", "ts": "2026-09-29 21:27:31", "age_s": 1015.5}
[2026-09-29 21:45:26] pid=1420 ACTIVE cpu=71379.1s(+41.9s) ws=67MB hb={"stage": "build_arb_tau:start", "ts": "2026-09-29 21:27:31", "age_s": 1075.5}
[2026-09-29 21:46:26] pid=1420 ACTIVE cpu=71432.2s(+53.1s) ws=55MB hb={"stage": "build_arb_tau:start", "ts": "2026-09-29 21:27:31", "age_s": 1135.5}
[2026-09-29 21:47:26] pid=1420 ACTIVE cpu=71470.8s(+38.6s) ws=44MB hb={"stage": "build_arb_tau:start", "ts": "2026-09-29 21:27:31", "age_s": 1195.5}
[2026-09-29 21:48:26] pid=1420 ACTIVE cpu=71523.3s(+52.5s) ws=36MB hb={"stage": "build_arb_tau:start", "ts": "2026-09-29 21:27:31", "age_s": 1255.5}
[2026-09-29 21:49:26] pid=1420 ACTIVE cpu=71575.4s(+52.1s) ws=29MB hb={"stage": "build_arb_tau:start", "ts": "2026-09-29 21:27:31", "age_s": 1315.5}
[2026-09-29 21:50:26] pid=1420 ACTIVE cpu=71619.6s(+44.2s) ws=27MB hb={"stage": "build_arb_tau:start", "ts": "2026-09-29 21:27:31", "age_s": 1375.5}
[2026-09-29 21:51:26] pid=1420 ACTIVE cpu=71671.5s(+51.9s) ws=27MB hb={"stage": "build_arb_tau:start", "ts": "2026-09-29 21:27:31", "age_s": 1435.5}
[2026-09-29 21:52:26] pid=1420 ACTIVE cpu=71722.3s(+50.7s) ws=27MB hb={"stage": "build_arb_tau:start", "ts": "2026-09-29 21:27:31", "age_s": 1495.5}
[2026-09-29 21:53:26] pid=1420 ACTIVE cpu=71775.6s(+53.3s) ws=26MB hb={"stage": "build_arb_tau:start", "ts": "2026-09-29 21:27:31", "age_s": 1555.5}
[2026-09-29 21:54:26] pid=1420 ACTIVE cpu=71832.4s(+56.8s) ws=26MB hb={"stage": "build_arb_tau:start", "ts": "2026-09-29 21:27:31", "age_s": 1615.5}
[2026-09-29 21:55:26] pid=1420 ACTIVE cpu=71891.8s(+59.4s) ws=26MB hb={"stage": "build_arb_tau:start", "ts": "2026-09-29 21:27:31", "age_s": 1675.5}
[2026-09-29 21:56:26] pid=1420 ACTIVE cpu=71948.1s(+56.3s) ws=26MB hb={"stage": "build_arb_tau:start", "ts": "2026-09-29 21:27:31", "age_s": 1735.5}
[2026-09-29 21:57:26] pid=1420 ACTIVE cpu=72003.2s(+55.1s) ws=26MB hb={"stage": "build_arb_tau:start", "ts": "2026-09-29 21:27:31", "age_s": 1795.5}
[2026-09-29 21:58:26] pid=1420 ACTIVE cpu=72061.9s(+58.6s) ws=25MB hb={"stage": "build_arb_tau:start", "ts": "2026-09-29 21:27:31", "age_s": 1855.5}
[2026-09-29 21:59:26] pid=1420 ACTIVE cpu=72119.9s(+58.0s) ws=25MB hb={"stage": "build_arb_tau:start", "ts": "2026-09-29 21:27:31", "age_s": 1915.5}
[2026-09-29 22:00:26] pid=1420 ACTIVE cpu=72176.6s(+56.7s) ws=25MB hb={"stage": "build_arb_tau:start", "ts": "2026-09-29 21:27:31", "age_s": 1975.5}
[2026-09-29 22:01:26] pid=1420 ACTIVE cpu=72234.1s(+57.5s) ws=156MB hb={"stage": "build_arb_tau:start", "ts": "2026-09-29 21:27:31", "age_s": 2035.5}
[2026-09-29 22:02:26] pid=1420 ACTIVE cpu=72292.9s(+58.8s) ws=161MB hb={"stage": "build_arb_tau:start", "ts": "2026-09-29 21:27:31", "age_s": 2095.5}
[2026-09-29 22:03:26] pid=1420 ACTIVE cpu=72350.5s(+57.7s) ws=166MB hb={"stage": "build_arb_tau:start", "ts": "2026-09-29 21:27:31", "age_s": 2155.5}
[2026-09-29 22:04:26] pid=1420 ACTIVE cpu=72409.7s(+59.1s) ws=170MB hb={"stage": "build_arb_tau:start", "ts": "2026-09-29 21:27:31", "age_s": 2215.5}
[2026-09-29 22:05:26] pid=1420 ACTIVE cpu=72469.1s(+59.5s) ws=176MB hb={"stage": "build_arb_tau:start", "ts": "2026-09-29 21:27:31", "age_s": 2275.5}
[2026-09-29 22:06:26] pid=1420 ACTIVE cpu=72528.5s(+59.3s) ws=168MB hb={"stage": "build_arb_tau:start", "ts": "2026-09-29 21:27:31", "age_s": 2335.6}
[2026-09-29 22:07:26] pid=1420 ACTIVE cpu=72585.9s(+57.4s) ws=172MB hb={"stage": "build_arb_tau:start", "ts": "2026-09-29 21:27:31", "age_s": 2395.6}
[2026-09-29 22:08:26] pid=1420 ACTIVE cpu=72641.8s(+55.9s) ws=150MB hb={"stage": "build_arb_tau:start", "ts": "2026-09-29 21:27:31", "age_s": 2455.6}
[2026-09-29 22:09:26] pid=1420 ACTIVE cpu=72698.4s(+56.7s) ws=130MB hb={"stage": "build_arb_tau:start", "ts": "2026-09-29 21:27:31", "age_s": 2515.6}
[2026-09-29 22:10:26] pid=1420 ACTIVE cpu=72748.3s(+49.8s) ws=112MB hb={"stage": "build_arb_tau:start", "ts": "2026-09-29 21:27:31", "age_s": 2575.6}
[2026-09-29 22:11:26] pid=1420 ACTIVE cpu=72804.7s(+56.4s) ws=98MB hb={"stage": "build_arb_tau:start", "ts": "2026-09-29 21:27:31", "age_s": 2635.6}
[2026-09-29 22:12:26] pid=1420 ACTIVE cpu=72860.1s(+55.4s) ws=86MB hb={"stage": "build_arb_tau:start", "ts": "2026-09-29 21:27:31", "age_s": 2695.6}
[2026-09-29 22:13:26] pid=1420 ACTIVE cpu=72916.3s(+56.2s) ws=88MB hb={"stage": "build_arb_tau:start", "ts": "2026-09-29 21:27:31", "age_s": 2755.6}
[2026-09-29 22:14:26] pid=1420 ACTIVE cpu=72973.4s(+57.1s) ws=94MB hb={"stage": "build_arb_tau:start", "ts": "2026-09-29 21:27:31", "age_s": 2815.6}
[2026-09-29 22:15:26] pid=1420 ACTIVE cpu=73028.4s(+54.9s) ws=89MB hb={"stage": "build_arb_tau:start", "ts": "2026-09-29 21:27:31", "age_s": 2875.6}
[2026-09-29 22:16:26] pid=1420 ACTIVE cpu=73083.9s(+55.5s) ws=89MB hb={"stage": "build_arb_tau:start", "ts": "2026-09-29 21:27:31", "age_s": 2935.6}
[2026-09-29 22:17:26] pid=1420 ACTIVE cpu=73139.1s(+55.2s) ws=81MB hb={"stage": "build_arb_tau:start", "ts": "2026-09-29 21:27:31", "age_s": 2995.6}
[2026-09-29 22:18:26] pid=1420 ACTIVE cpu=73196.5s(+57.4s) ws=87MB hb={"stage": "build_arb_tau:start", "ts": "2026-09-29 21:27:31", "age_s": 3055.6}
[2026-09-29 22:19:26] pid=1420 ACTIVE cpu=73252.5s(+56.0s) ws=89MB hb={"stage": "build_arb_tau:start", "ts": "2026-09-29 21:27:31", "age_s": 3115.6}
[2026-09-29 22:20:26] pid=1420 ACTIVE cpu=73309.5s(+57.0s) ws=78MB hb={"stage": "build_arb_tau:start", "ts": "2026-09-29 21:27:31", "age_s": 3175.6}
[2026-09-29 22:21:26] pid=1420 ACTIVE cpu=73362.8s(+53.2s) ws=74MB hb={"stage": "build_arb_tau:start", "ts": "2026-09-29 21:27:31", "age_s": 3235.6}
[2026-09-29 22:22:26] pid=1420 ACTIVE cpu=73419.8s(+57.0s) ws=70MB hb={"stage": "build_arb_tau:start", "ts": "2026-09-29 21:27:31", "age_s": 3295.6}
[2026-09-29 22:23:26] pid=1420 ACTIVE cpu=73477.5s(+57.7s) ws=76MB hb={"stage": "build_arb_tau:start", "ts": "2026-09-29 21:27:31", "age_s": 3355.6}
[2026-09-29 22:24:26] pid=1420 ACTIVE cpu=73534.5s(+57.1s) ws=81MB hb={"stage": "build_arb_tau:start", "ts": "2026-09-29 21:27:31", "age_s": 3415.6}
[2026-09-29 22:25:26] pid=1420 ACTIVE cpu=73591.5s(+56.9s) ws=77MB hb={"stage": "build_arb_tau:start", "ts": "2026-09-29 21:27:31", "age_s": 3475.6}
[2026-09-29 22:26:26] pid=1420 ACTIVE cpu=73647.8s(+56.3s) ws=78MB hb={"stage": "build_arb_tau:start", "ts": "2026-09-29 21:27:31", "age_s": 3535.6}
[2026-09-29 22:27:26] pid=1420 ACTIVE cpu=73702.7s(+54.9s) ws=83MB hb={"stage": "build_arb_tau:start", "ts": "2026-09-29 21:27:31", "age_s": 3595.6}
[2026-09-29 22:28:26] pid=1420 ACTIVE cpu=73758.7s(+56.0s) ws=89MB hb={"stage": "build_arb_tau:start", "ts": "2026-09-29 21:27:31", "age_s": 3655.6}
[2026-09-29 22:29:26] pid=1420 ACTIVE cpu=73814.2s(+55.6s) ws=86MB hb={"stage": "build_arb_tau:start", "ts": "2026-09-29 21:27:31", "age_s": 3715.6}
[2026-09-29 22:30:26] pid=1420 ACTIVE cpu=73868.9s(+54.6s) ws=75MB hb={"stage": "build_arb_tau:start", "ts": "2026-09-29 21:27:31", "age_s": 3775.6}
[2026-09-29 22:31:26] pid=1420 ACTIVE cpu=73924.4s(+55.5s) ws=71MB hb={"stage": "build_arb_tau:start", "ts": "2026-09-29 21:27:31", "age_s": 3835.6}
[2026-09-29 22:32:26] pid=1420 ACTIVE cpu=73981.2s(+56.8s) ws=77MB hb={"stage": "build_arb_tau:start", "ts": "2026-09-29 21:27:31", "age_s": 3895.6}
[2026-09-29 22:33:26] pid=1420 ACTIVE cpu=74038.3s(+57.2s) ws=82MB hb={"stage": "build_arb_tau:start", "ts": "2026-09-29 21:27:31", "age_s": 3955.6}
[2026-09-29 22:34:26] pid=1420 ACTIVE cpu=74095.5s(+57.2s) ws=84MB hb={"stage": "build_arb_tau:start", "ts": "2026-09-29 21:27:31", "age_s": 4015.6}
[2026-09-29 22:35:26] pid=1420 ACTIVE cpu=74152.7s(+57.2s) ws=74MB hb={"stage": "build_arb_tau:start", "ts": "2026-09-29 21:27:31", "age_s": 4075.6}
[2026-09-29 22:36:26] pid=1420 ACTIVE cpu=74209.5s(+56.8s) ws=71MB hb={"stage": "build_arb_tau:start", "ts": "2026-09-29 21:27:31", "age_s": 4135.6}
[2026-09-29 22:37:26] pid=1420 ACTIVE cpu=74265.5s(+56.0s) ws=77MB hb={"stage": "build_arb_tau:start", "ts": "2026-09-29 21:27:31", "age_s": 4195.6}
[2026-09-29 22:38:26] pid=1420 ACTIVE cpu=74317.5s(+51.9s) ws=80MB hb={"stage": "build_arb_tau:start", "ts": "2026-09-29 21:27:31", "age_s": 4255.6}
[2026-09-29 22:39:26] pid=1420 ACTIVE cpu=74372.7s(+55.2s) ws=70MB hb={"stage": "build_arb_tau:start", "ts": "2026-09-29 21:27:31", "age_s": 4315.6}
[2026-09-29 22:40:26] pid=1420 ACTIVE cpu=74426.3s(+53.6s) ws=64MB hb={"stage": "build_arb_tau:start", "ts": "2026-09-29 21:27:31", "age_s": 4375.6}
[2026-09-29 22:41:26] pid=1420 ACTIVE cpu=74479.7s(+53.4s) ws=69MB hb={"stage": "build_arb_tau:start", "ts": "2026-09-29 21:27:31", "age_s": 4435.6}
[2026-09-29 22:42:26] pid=1420 ACTIVE cpu=74536.6s(+56.9s) ws=73MB hb={"stage": "build_arb_tau:start", "ts": "2026-09-29 21:27:31", "age_s": 4495.6}
[2026-09-29 22:43:26] pid=1420 ACTIVE cpu=74594.4s(+57.8s) ws=64MB hb={"stage": "build_arb_tau:start", "ts": "2026-09-29 21:27:31", "age_s": 4555.6}
[2026-09-29 22:44:26] pid=1420 ACTIVE cpu=74651.7s(+57.3s) ws=59MB hb={"stage": "build_arb_tau:start", "ts": "2026-09-29 21:27:31", "age_s": 4615.6}
[2026-09-29 22:45:26] pid=1420 ACTIVE cpu=74709.6s(+57.9s) ws=65MB hb={"stage": "build_arb_tau:start", "ts": "2026-09-29 21:27:31", "age_s": 4675.6}
[2026-09-29 22:46:26] pid=1420 ACTIVE cpu=74766.3s(+56.7s) ws=67MB hb={"stage": "build_arb_tau:start", "ts": "2026-09-29 21:27:31", "age_s": 4735.6}
[2026-09-29 22:47:26] pid=1420 ACTIVE cpu=74822.6s(+56.4s) ws=73MB hb={"stage": "build_arb_tau:start", "ts": "2026-09-29 21:27:31", "age_s": 4795.6}
[2026-09-29 22:48:26] pid=1420 ACTIVE cpu=74879.0s(+56.4s) ws=79MB hb={"stage": "build_arb_tau:start", "ts": "2026-09-29 21:27:31", "age_s": 4855.6}
[2026-09-29 22:49:26] pid=1420 ACTIVE cpu=74932.3s(+53.3s) ws=84MB hb={"stage": "build_arb_tau:start", "ts": "2026-09-29 21:27:31", "age_s": 4915.6}
[2026-09-29 22:50:26] pid=1420 ACTIVE cpu=74989.8s(+57.5s) ws=80MB hb={"stage": "build_arb_tau:start", "ts": "2026-09-29 21:27:31", "age_s": 4975.6}
[2026-09-29 22:51:26] pid=1420 ACTIVE cpu=75045.2s(+55.4s) ws=74MB hb={"stage": "build_arb_tau:start", "ts": "2026-09-29 21:27:31", "age_s": 5035.6}
[2026-09-29 22:52:26] pid=1420 ACTIVE cpu=75104.2s(+59.0s) ws=80MB hb={"stage": "build_arb_tau:start", "ts": "2026-09-29 21:27:31", "age_s": 5095.6}
[2026-09-29 22:53:26] pid=1420 ACTIVE cpu=75161.7s(+57.4s) ws=86MB hb={"stage": "build_arb_tau:start", "ts": "2026-09-29 21:27:31", "age_s": 5155.6}
[2026-09-29 22:54:26] pid=1420 ACTIVE cpu=75218.6s(+56.9s) ws=79MB hb={"stage": "build_arb_tau:start", "ts": "2026-09-29 21:27:31", "age_s": 5215.6}
[2026-09-29 22:55:26] pid=1420 ACTIVE cpu=75274.7s(+56.1s) ws=79MB hb={"stage": "build_arb_tau:start", "ts": "2026-09-29 21:27:31", "age_s": 5275.6}
[2026-09-29 22:56:26] pid=1420 ACTIVE cpu=75333.2s(+58.5s) ws=73MB hb={"stage": "build_arb_tau:start", "ts": "2026-09-29 21:27:31", "age_s": 5335.6}
[2026-09-29 22:57:26] pid=1420 ACTIVE cpu=75391.6s(+58.4s) ws=79MB hb={"stage": "build_arb_tau:start", "ts": "2026-09-29 21:27:31", "age_s": 5395.6}
[2026-09-29 22:58:26] pid=1420 ACTIVE cpu=75448.1s(+56.5s) ws=84MB hb={"stage": "build_arb_tau:start", "ts": "2026-09-29 21:27:31", "age_s": 5455.6}
[2026-09-29 22:59:26] pid=1420 ACTIVE cpu=75506.6s(+58.5s) ws=79MB hb={"stage": "build_arb_tau:start", "ts": "2026-09-29 21:27:31", "age_s": 5515.6}
[2026-09-29 23:00:26] pid=1420 ACTIVE cpu=75564.8s(+58.2s) ws=70MB hb={"stage": "build_arb_tau:start", "ts": "2026-09-29 21:27:31", "age_s": 5575.7}
[2026-09-29 23:01:26] pid=1420 ACTIVE cpu=75621.5s(+56.7s) ws=72MB hb={"stage": "build_arb_tau:start", "ts": "2026-09-29 21:27:31", "age_s": 5635.7}
[2026-09-29 23:02:26] pid=1420 ACTIVE cpu=75678.7s(+57.2s) ws=78MB hb={"stage": "build_arb_tau:start", "ts": "2026-09-29 21:27:31", "age_s": 5695.7}
[2026-09-29 23:03:26] pid=1420 ACTIVE cpu=75738.3s(+59.6s) ws=83MB hb={"stage": "build_arb_tau:start", "ts": "2026-09-29 21:27:31", "age_s": 5755.7}
[2026-09-29 23:04:26] pid=1420 ACTIVE cpu=75797.1s(+58.7s) ws=75MB hb={"stage": "build_arb_tau:start", "ts": "2026-09-29 21:27:31", "age_s": 5815.7}
[2026-09-29 23:05:26] pid=1420 ACTIVE cpu=75853.7s(+56.6s) ws=78MB hb={"stage": "build_arb_tau:start", "ts": "2026-09-29 21:27:31", "age_s": 5875.7}
[2026-09-29 23:06:26] pid=1420 ACTIVE cpu=75909.6s(+56.0s) ws=79MB hb={"stage": "build_arb_tau:start", "ts": "2026-09-29 21:27:31", "age_s": 5935.7}
[2026-09-29 23:07:26] pid=1420 ACTIVE cpu=75968.1s(+58.5s) ws=85MB hb={"stage": "build_arb_tau:start", "ts": "2026-09-29 21:27:31", "age_s": 5995.7}
[2026-09-29 23:08:26] pid=1420 ACTIVE cpu=76026.6s(+58.5s) ws=91MB hb={"stage": "build_arb_tau:start", "ts": "2026-09-29 21:27:31", "age_s": 6055.7}
[2026-09-29 23:09:26] pid=1420 ACTIVE cpu=76083.4s(+56.8s) ws=81MB hb={"stage": "build_arb_tau:start", "ts": "2026-09-29 21:27:31", "age_s": 6115.7}
[2026-09-29 23:10:26] pid=1420 ACTIVE cpu=76139.7s(+56.3s) ws=71MB hb={"stage": "build_arb_tau:start", "ts": "2026-09-29 21:27:31", "age_s": 6175.7}
[2026-09-29 23:11:26] pid=1420 ACTIVE cpu=76196.6s(+57.0s) ws=76MB hb={"stage": "build_arb_tau:start", "ts": "2026-09-29 21:27:31", "age_s": 6235.7}
[2026-09-29 23:12:26] pid=1420 ACTIVE cpu=76253.6s(+57.0s) ws=80MB hb={"stage": "build_arb_tau:start", "ts": "2026-09-29 21:27:31", "age_s": 6295.7}
[2026-09-29 23:13:26] pid=1420 ACTIVE cpu=76311.9s(+58.3s) ws=85MB hb={"stage": "build_arb_tau:start", "ts": "2026-09-29 21:27:31", "age_s": 6355.7}
[2026-09-29 23:14:26] pid=1420 ACTIVE cpu=76370.3s(+58.4s) ws=80MB hb={"stage": "build_arb_tau:start", "ts": "2026-09-29 21:27:31", "age_s": 6415.7}
[2026-09-29 23:15:26] pid=1420 ACTIVE cpu=76428.5s(+58.2s) ws=71MB hb={"stage": "build_arb_tau:start", "ts": "2026-09-29 21:27:31", "age_s": 6475.7}
[2026-09-29 23:16:26] pid=1420 ACTIVE cpu=76488.2s(+59.7s) ws=71MB hb={"stage": "build_arb_tau:start", "ts": "2026-09-29 21:27:31", "age_s": 6535.7}
[2026-09-29 23:17:26] pid=1420 ACTIVE cpu=76545.2s(+57.0s) ws=77MB hb={"stage": "build_arb_tau:start", "ts": "2026-09-29 21:27:31", "age_s": 6595.7}
[2026-09-29 23:18:26] pid=1420 ACTIVE cpu=76604.1s(+58.9s) ws=83MB hb={"stage": "build_arb_tau:start", "ts": "2026-09-29 21:27:31", "age_s": 6655.7}
[2026-09-29 23:19:26] pid=1420 ACTIVE cpu=76662.2s(+58.1s) ws=87MB hb={"stage": "build_arb_tau:start", "ts": "2026-09-29 21:27:31", "age_s": 6715.7}
[2026-09-29 23:20:26] pid=1420 ACTIVE cpu=76719.7s(+57.5s) ws=82MB hb={"stage": "build_arb_tau:start", "ts": "2026-09-29 21:27:31", "age_s": 6775.7}
[2026-09-29 23:21:26] pid=1420 ACTIVE cpu=76779.1s(+59.4s) ws=76MB hb={"stage": "build_arb_tau:start", "ts": "2026-09-29 21:27:31", "age_s": 6835.7}
[2026-09-29 23:22:26] pid=1420 ACTIVE cpu=76838.8s(+59.7s) ws=82MB hb={"stage": "build_arb_tau:start", "ts": "2026-09-29 21:27:31", "age_s": 6895.7}
[2026-09-29 23:23:26] pid=1420 ACTIVE cpu=76898.7s(+59.9s) ws=89MB hb={"stage": "build_arb_tau:start", "ts": "2026-09-29 21:27:31", "age_s": 6955.7}
[2026-09-29 23:24:26] pid=1420 ACTIVE cpu=76958.3s(+59.6s) ws=96MB hb={"stage": "build_arb_tau:start", "ts": "2026-09-29 21:27:31", "age_s": 7015.7}
[2026-09-29 23:25:26] pid=1420 ACTIVE cpu=77018.1s(+59.8s) ws=95MB hb={"stage": "build_arb_tau:start", "ts": "2026-09-29 21:27:31", "age_s": 7075.7}
[2026-09-29 23:26:26] pid=1420 ACTIVE cpu=77077.9s(+59.8s) ws=87MB hb={"stage": "build_arb_tau:start", "ts": "2026-09-29 21:27:31", "age_s": 7135.7}
[2026-09-29 23:27:26] pid=1420 ACTIVE cpu=77137.7s(+59.8s) ws=83MB hb={"stage": "build_arb_tau:start", "ts": "2026-09-29 21:27:31", "age_s": 7195.7}
[2026-09-29 23:28:26] pid=1420 ACTIVE cpu=77197.5s(+59.8s) ws=89MB hb={"stage": "build_arb_tau:start", "ts": "2026-09-29 21:27:31", "age_s": 7255.7}
[2026-09-29 23:29:26] pid=1420 ACTIVE cpu=77257.3s(+59.9s) ws=68MB hb={"stage": "build_arb_tau:start", "ts": "2026-09-29 21:27:31", "age_s": 7315.7}
[2026-09-29 23:30:26] pid=1420 ACTIVE cpu=77316.5s(+59.2s) ws=61MB hb={"stage": "build_arb_tau:start", "ts": "2026-09-29 21:27:31", "age_s": 7375.7}
[2026-09-29 23:31:26] pid=1420 ACTIVE cpu=77376.4s(+59.9s) ws=60MB hb={"stage": "build_arb_tau:start", "ts": "2026-09-29 21:27:31", "age_s": 7435.7}
[2026-09-29 23:32:26] pid=1420 ACTIVE cpu=77436.1s(+59.7s) ws=45MB hb={"stage": "build_arb_tau:start", "ts": "2026-09-29 21:27:31", "age_s": 7495.7}
[2026-09-29 23:33:26] pid=1420 ACTIVE cpu=77496.0s(+59.9s) ws=51MB hb={"stage": "build_arb_tau:start", "ts": "2026-09-29 21:27:31", "age_s": 7555.7}
[2026-09-29 23:34:26] pid=1420 ACTIVE cpu=77555.7s(+59.7s) ws=46MB hb={"stage": "build_arb_tau:start", "ts": "2026-09-29 21:27:31", "age_s": 7615.7}
[2026-09-29 23:35:26] pid=1420 ACTIVE cpu=77615.6s(+59.9s) ws=39MB hb={"stage": "build_arb_tau:start", "ts": "2026-09-29 21:27:31", "age_s": 7675.7}
[2026-09-29 23:36:26] pid=1420 ACTIVE cpu=77675.4s(+59.8s) ws=40MB hb={"stage": "build_arb_tau:start", "ts": "2026-09-29 21:27:31", "age_s": 7735.7}
[2026-09-29 23:37:26] pid=1420 ACTIVE cpu=77735.0s(+59.6s) ws=39MB hb={"stage": "build_arb_tau:start", "ts": "2026-09-29 21:27:31", "age_s": 7795.7}
[2026-09-29 23:38:26] pid=1420 ACTIVE cpu=77794.9s(+59.9s) ws=45MB hb={"stage": "build_arb_tau:start", "ts": "2026-09-29 21:27:31", "age_s": 7855.7}
[2026-09-29 23:39:26] pid=1420 ACTIVE cpu=77854.8s(+59.9s) ws=33MB hb={"stage": "build_arb_tau:start", "ts": "2026-09-29 21:27:31", "age_s": 7915.7}
[2026-09-29 23:40:26] pid=1420 ACTIVE cpu=77914.5s(+59.6s) ws=40MB hb={"stage": "build_arb_tau:start", "ts": "2026-09-29 21:27:31", "age_s": 7975.7}
[2026-09-29 23:41:26] pid=1420 ACTIVE cpu=77974.3s(+59.8s) ws=33MB hb={"stage": "build_arb_tau:start", "ts": "2026-09-29 21:27:31", "age_s": 8035.7}
[2026-09-29 23:42:26] pid=1420 ACTIVE cpu=78034.1s(+59.8s) ws=39MB hb={"stage": "build_arb_tau:start", "ts": "2026-09-29 21:27:31", "age_s": 8095.7}
[2026-09-29 23:43:26] pid=1420 ACTIVE cpu=78094.0s(+60.0s) ws=32MB hb={"stage": "build_arb_tau:start", "ts": "2026-09-29 21:27:31", "age_s": 8155.7}
[2026-09-29 23:44:26] pid=1420 ACTIVE cpu=78150.6s(+56.5s) ws=38MB hb={"stage": "build_arb_tau:start", "ts": "2026-09-29 21:27:31", "age_s": 8215.7}
[2026-09-29 23:45:26] pid=1420 ACTIVE cpu=78207.1s(+56.5s) ws=45MB hb={"stage": "build_arb_tau:start", "ts": "2026-09-29 21:27:31", "age_s": 8275.7}
[2026-09-29 23:46:26] pid=1420 ACTIVE cpu=78266.2s(+59.1s) ws=51MB hb={"stage": "build_arb_tau:start", "ts": "2026-09-29 21:27:31", "age_s": 8335.7}
[2026-09-29 23:47:26] pid=1420 ACTIVE cpu=78322.8s(+56.6s) ws=57MB hb={"stage": "build_arb_tau:start", "ts": "2026-09-29 21:27:31", "age_s": 8395.7}
[2026-09-29 23:48:26] pid=1420 ACTIVE cpu=78368.8s(+46.0s) ws=49MB hb={"stage": "build_arb_tau:start", "ts": "2026-09-29 21:27:31", "age_s": 8455.8}
[2026-09-29 23:49:26] pid=1420 ACTIVE cpu=78416.1s(+47.3s) ws=45MB hb={"stage": "build_arb_tau:start", "ts": "2026-09-29 21:27:31", "age_s": 8515.8}
[2026-09-29 23:50:26] pid=1420 ACTIVE cpu=78461.0s(+44.9s) ws=49MB hb={"stage": "build_arb_tau:start", "ts": "2026-09-29 21:27:31", "age_s": 8575.8}
[2026-09-29 23:51:26] pid=1420 ACTIVE cpu=78514.8s(+53.8s) ws=54MB hb={"stage": "build_arb_tau:start", "ts": "2026-09-29 21:27:31", "age_s": 8635.8}
[2026-09-29 23:52:26] pid=1420 ACTIVE cpu=78570.2s(+55.4s) ws=60MB hb={"stage": "build_arb_tau:start", "ts": "2026-09-29 21:27:31", "age_s": 8695.8}
[2026-09-29 23:53:26] pid=1420 ACTIVE cpu=78628.6s(+58.4s) ws=66MB hb={"stage": "build_arb_tau:start", "ts": "2026-09-29 21:27:31", "age_s": 8755.8}
[2026-09-29 23:54:26] pid=1420 ACTIVE cpu=78684.4s(+55.8s) ws=72MB hb={"stage": "build_arb_tau:start", "ts": "2026-09-29 21:27:31", "age_s": 8815.8}
[2026-09-29 23:55:26] pid=1420 ACTIVE cpu=78742.6s(+58.1s) ws=66MB hb={"stage": "build_arb_tau:start", "ts": "2026-09-29 21:27:31", "age_s": 8875.8}
[2026-09-29 23:56:26] pid=1420 ACTIVE cpu=78800.5s(+57.9s) ws=59MB hb={"stage": "build_arb_tau:start", "ts": "2026-09-29 21:27:31", "age_s": 8935.8}
[2026-09-29 23:57:26] pid=1420 ACTIVE cpu=78858.3s(+57.8s) ws=53MB hb={"stage": "build_arb_tau:start", "ts": "2026-09-29 21:27:31", "age_s": 8995.8}
[2026-09-29 23:58:26] pid=1420 ACTIVE cpu=78914.2s(+55.9s) ws=57MB hb={"stage": "build_arb_tau:start", "ts": "2026-09-29 21:27:31", "age_s": 9055.8}
[2026-09-29 23:59:26] pid=1420 ACTIVE cpu=78973.1s(+58.9s) ws=63MB hb={"stage": "build_arb_tau:start", "ts": "2026-09-29 21:27:31", "age_s": 9115.8}
[2026-09-30 00:00:26] pid=1420 ACTIVE cpu=79030.6s(+57.5s) ws=69MB hb={"stage": "build_arb_tau:start", "ts": "2026-09-29 21:27:31", "age_s": 9175.8}
[2026-09-30 00:01:26] pid=1420 ACTIVE cpu=79090.3s(+59.7s) ws=76MB hb={"stage": "build_arb_tau:start", "ts": "2026-09-29 21:27:31", "age_s": 9235.8}
[2026-09-30 00:02:26] pid=1420 ACTIVE cpu=79149.5s(+59.2s) ws=82MB hb={"stage": "build_arb_tau:start", "ts": "2026-09-29 21:27:31", "age_s": 9295.8}
[2026-09-30 00:03:26] pid=1420 ACTIVE cpu=79209.1s(+59.6s) ws=83MB hb={"stage": "build_arb_tau:start", "ts": "2026-09-29 21:27:31", "age_s": 9355.8}
[2026-09-30 00:04:26] pid=1420 ACTIVE cpu=79268.5s(+59.4s) ws=73MB hb={"stage": "build_arb_tau:start", "ts": "2026-09-29 21:27:31", "age_s": 9415.8}
[2026-09-30 00:05:26] pid=1420 ACTIVE cpu=79327.8s(+59.3s) ws=65MB hb={"stage": "build_arb_tau:start", "ts": "2026-09-29 21:27:31", "age_s": 9475.8}
[2026-09-30 00:06:26] pid=1420 ACTIVE cpu=79387.3s(+59.5s) ws=58MB hb={"stage": "build_arb_tau:start", "ts": "2026-09-29 21:27:31", "age_s": 9535.8}
[2026-09-30 00:07:26] pid=1420 ACTIVE cpu=79446.1s(+58.8s) ws=59MB hb={"stage": "build_arb_tau:start", "ts": "2026-09-29 21:27:31", "age_s": 9595.8}
[2026-09-30 00:08:26] pid=1420 ACTIVE cpu=79501.3s(+55.2s) ws=65MB hb={"stage": "build_arb_tau:start", "ts": "2026-09-29 21:27:31", "age_s": 9655.8}
[2026-09-30 00:09:26] pid=1420 ACTIVE cpu=79559.8s(+58.5s) ws=71MB hb={"stage": "build_arb_tau:start", "ts": "2026-09-29 21:27:31", "age_s": 9715.8}
[2026-09-30 00:10:26] pid=1420 ACTIVE cpu=79618.8s(+59.0s) ws=77MB hb={"stage": "build_arb_tau:start", "ts": "2026-09-29 21:27:31", "age_s": 9775.8}
[2026-09-30 00:11:26] pid=1420 ACTIVE cpu=79676.9s(+58.1s) ws=83MB hb={"stage": "build_arb_tau:start", "ts": "2026-09-29 21:27:31", "age_s": 9835.8}
[2026-09-30 00:12:26] pid=1420 ACTIVE cpu=79736.7s(+59.8s) ws=89MB hb={"stage": "build_arb_tau:start", "ts": "2026-09-29 21:27:31", "age_s": 9895.8}
[2026-09-30 00:13:26] pid=1420 ACTIVE cpu=79796.6s(+60.0s) ws=79MB hb={"stage": "build_arb_tau:start", "ts": "2026-09-29 21:27:31", "age_s": 9955.8}
[2026-09-30 00:14:26] pid=1420 ACTIVE cpu=79856.6s(+59.9s) ws=70MB hb={"stage": "build_arb_tau:start", "ts": "2026-09-29 21:27:31", "age_s": 10015.8}
[2026-09-30 00:15:26] pid=1420 ACTIVE cpu=79916.4s(+59.8s) ws=63MB hb={"stage": "build_arb_tau:start", "ts": "2026-09-29 21:27:31", "age_s": 10075.8}
[2026-09-30 00:16:26] pid=1420 ACTIVE cpu=79976.2s(+59.9s) ws=62MB hb={"stage": "build_arb_tau:start", "ts": "2026-09-29 21:27:31", "age_s": 10135.8}
[2026-09-30 00:17:26] pid=1420 ACTIVE cpu=80032.2s(+56.0s) ws=69MB hb={"stage": "build_arb_tau:start", "ts": "2026-09-29 21:27:31", "age_s": 10195.8}
[2026-09-30 00:18:26] pid=1420 ACTIVE cpu=80091.4s(+59.2s) ws=76MB hb={"stage": "build_arb_tau:start", "ts": "2026-09-29 21:27:31", "age_s": 10255.8}
[2026-09-30 00:19:26] pid=1420 ACTIVE cpu=80151.1s(+59.7s) ws=82MB hb={"stage": "build_arb_tau:start", "ts": "2026-09-29 21:27:31", "age_s": 10315.8}
[2026-09-30 00:20:26] pid=1420 ACTIVE cpu=80210.8s(+59.7s) ws=56MB hb={"stage": "build_arb_tau:start", "ts": "2026-09-29 21:27:31", "age_s": 10375.8}
[2026-09-30 00:21:26] pid=1420 ACTIVE cpu=80270.8s(+60.0s) ws=38MB hb={"stage": "build_arb_tau:start", "ts": "2026-09-29 21:27:31", "age_s": 10435.8}
[2026-09-30 00:22:26] pid=1420 ACTIVE cpu=80330.7s(+59.9s) ws=45MB hb={"stage": "build_arb_tau:start", "ts": "2026-09-29 21:27:31", "age_s": 10495.8}
[2026-09-30 00:23:26] pid=1420 ACTIVE cpu=80390.6s(+59.9s) ws=34MB hb={"stage": "build_arb_tau:start", "ts": "2026-09-29 21:27:31", "age_s": 10555.8}
[2026-09-30 00:24:26] pid=1420 ACTIVE cpu=80450.6s(+60.0s) ws=41MB hb={"stage": "build_arb_tau:start", "ts": "2026-09-29 21:27:31", "age_s": 10615.8}
[2026-09-30 00:25:26] pid=1420 ACTIVE cpu=80510.6s(+60.0s) ws=33MB hb={"stage": "build_arb_tau:start", "ts": "2026-09-29 21:27:31", "age_s": 10675.8}
[2026-09-30 00:26:26] pid=1420 ACTIVE cpu=80570.4s(+59.9s) ws=39MB hb={"stage": "build_arb_tau:start", "ts": "2026-09-29 21:27:31", "age_s": 10735.9}
[2026-09-30 00:27:26] pid=1420 ACTIVE cpu=80630.3s(+59.9s) ws=39MB hb={"stage": "build_arb_tau:start", "ts": "2026-09-29 21:27:31", "age_s": 10795.9}
[2026-09-30 00:28:26] pid=1420 ACTIVE cpu=80690.3s(+60.0s) ws=37MB hb={"stage": "build_arb_tau:start", "ts": "2026-09-29 21:27:31", "age_s": 10855.9}
[2026-09-30 00:29:26] pid=1420 ACTIVE cpu=80750.3s(+60.0s) ws=36MB hb={"stage": "build_arb_tau:start", "ts": "2026-09-29 21:27:31", "age_s": 10915.9}
[2026-09-30 00:30:26] pid=1420 ACTIVE cpu=80810.2s(+60.0s) ws=37MB hb={"stage": "build_arb_tau:start", "ts": "2026-09-29 21:27:31", "age_s": 10975.9}
[2026-09-30 00:31:26] pid=1420 ACTIVE cpu=80870.2s(+60.0s) ws=33MB hb={"stage": "build_arb_tau:start", "ts": "2026-09-29 21:27:31", "age_s": 11035.9}
[2026-09-30 00:32:26] pid=1420 ACTIVE cpu=80930.2s(+60.0s) ws=38MB hb={"stage": "build_arb_tau:start", "ts": "2026-09-29 21:27:31", "age_s": 11095.9}
[2026-09-30 00:33:26] pid=1420 ACTIVE cpu=80990.2s(+60.0s) ws=32MB hb={"stage": "build_arb_tau:start", "ts": "2026-09-29 21:27:31", "age_s": 11155.9}
[2026-09-30 00:34:26] pid=1420 ACTIVE cpu=81050.1s(+60.0s) ws=39MB hb={"stage": "build_arb_tau:start", "ts": "2026-09-29 21:27:31", "age_s": 11215.9}
[2026-09-30 00:35:26] pid=1420 ACTIVE cpu=81110.1s(+60.0s) ws=33MB hb={"stage": "build_arb_tau:start", "ts": "2026-09-29 21:27:31", "age_s": 11275.9}
[2026-09-30 00:36:26] pid=1420 ACTIVE cpu=81170.1s(+60.0s) ws=40MB hb={"stage": "build_arb_tau:start", "ts": "2026-09-29 21:27:31", "age_s": 11335.9}
[2026-09-30 00:37:26] pid=1420 ACTIVE cpu=81229.9s(+59.9s) ws=32MB hb={"stage": "build_arb_tau:start", "ts": "2026-09-29 21:27:31", "age_s": 11395.9}
[2026-09-30 00:38:26] pid=1420 ACTIVE cpu=81289.9s(+60.0s) ws=39MB hb={"stage": "build_arb_tau:start", "ts": "2026-09-29 21:27:31", "age_s": 11455.9}
[2026-09-30 00:39:26] pid=1420 ACTIVE cpu=81349.8s(+60.0s) ws=33MB hb={"stage": "build_arb_tau:start", "ts": "2026-09-29 21:27:31", "age_s": 11515.9}
[2026-09-30 00:40:26] pid=1420 ACTIVE cpu=81409.8s(+60.0s) ws=40MB hb={"stage": "build_arb_tau:start", "ts": "2026-09-29 21:27:31", "age_s": 11575.9}
[2026-09-30 00:41:26] pid=1420 ACTIVE cpu=81469.8s(+60.0s) ws=34MB hb={"stage": "build_arb_tau:start", "ts": "2026-09-29 21:27:31", "age_s": 11635.9}
[2026-09-30 00:42:26] pid=1420 ACTIVE cpu=81529.7s(+59.9s) ws=41MB hb={"stage": "build_arb_tau:start", "ts": "2026-09-29 21:27:31", "age_s": 11695.9}
[2026-09-30 00:43:26] pid=1420 ACTIVE cpu=81589.7s(+60.0s) ws=34MB hb={"stage": "build_arb_tau:start", "ts": "2026-09-29 21:27:31", "age_s": 11755.9}
[2026-09-30 00:44:26] pid=1420 ACTIVE cpu=81649.7s(+60.0s) ws=41MB hb={"stage": "build_arb_tau:start", "ts": "2026-09-29 21:27:31", "age_s": 11815.9}
[2026-09-30 00:45:26] pid=1420 ACTIVE cpu=81707.7s(+58.0s) ws=34MB hb={"stage": "build_arb_tau:start", "ts": "2026-09-29 21:27:31", "age_s": 11875.9}
[2026-09-30 00:46:26] pid=1420 ACTIVE cpu=81766.3s(+58.6s) ws=41MB hb={"stage": "build_arb_tau:start", "ts": "2026-09-29 21:27:31", "age_s": 11935.9}
[2026-09-30 00:47:26] pid=1420 ACTIVE cpu=81826.0s(+59.7s) ws=35MB hb={"stage": "build_arb_tau:start", "ts": "2026-09-29 21:27:31", "age_s": 11995.9}
[2026-09-30 00:48:26] pid=1420 ACTIVE cpu=81886.0s(+60.0s) ws=42MB hb={"stage": "build_arb_tau:start", "ts": "2026-09-29 21:27:31", "age_s": 12055.9}
[2026-09-30 00:49:26] pid=1420 ACTIVE cpu=81946.0s(+60.0s) ws=35MB hb={"stage": "build_arb_tau:start", "ts": "2026-09-29 21:27:31", "age_s": 12115.9}
[2026-09-30 00:50:26] pid=1420 ACTIVE cpu=82004.8s(+58.9s) ws=42MB hb={"stage": "build_arb_tau:start", "ts": "2026-09-29 21:27:31", "age_s": 12175.9}
[2026-09-30 00:51:26] pid=1420 ACTIVE cpu=82064.8s(+60.0s) ws=49MB hb={"stage": "build_arb_tau:start", "ts": "2026-09-29 21:27:31", "age_s": 12235.9}
[2026-09-30 00:52:26] pid=1420 ACTIVE cpu=82124.7s(+59.9s) ws=56MB hb={"stage": "build_arb_tau:start", "ts": "2026-09-29 21:27:31", "age_s": 12295.9}
[2026-09-30 00:53:26] pid=1420 ACTIVE cpu=82184.6s(+59.9s) ws=62MB hb={"stage": "build_arb_tau:start", "ts": "2026-09-29 21:27:31", "age_s": 12355.9}
[2026-09-30 00:54:26] pid=1420 ACTIVE cpu=82244.3s(+59.7s) ws=67MB hb={"stage": "build_arb_tau:start", "ts": "2026-09-29 21:27:31", "age_s": 12415.9}
[2026-09-30 00:55:26] pid=1420 ACTIVE cpu=82304.3s(+60.0s) ws=58MB hb={"stage": "build_arb_tau:start", "ts": "2026-09-29 21:27:31", "age_s": 12475.9}
[2026-09-30 00:56:26] pid=1420 ACTIVE cpu=82364.2s(+59.9s) ws=36MB hb={"stage": "build_arb_tau:start", "ts": "2026-09-29 21:27:31", "age_s": 12535.9}
[2026-09-30 00:57:26] pid=1420 ACTIVE cpu=82424.1s(+59.8s) ws=43MB hb={"stage": "build_arb_tau:start", "ts": "2026-09-29 21:27:31", "age_s": 12595.9}
[2026-09-30 00:58:26] pid=1420 ACTIVE cpu=82484.0s(+60.0s) ws=33MB hb={"stage": "build_arb_tau:start", "ts": "2026-09-29 21:27:31", "age_s": 12655.9}
[2026-09-30 00:59:26] pid=1420 ACTIVE cpu=82544.0s(+60.0s) ws=39MB hb={"stage": "build_arb_tau:start", "ts": "2026-09-29 21:27:31", "age_s": 12715.9}
[2026-09-30 01:00:26] pid=1420 ACTIVE cpu=82604.0s(+60.0s) ws=32MB hb={"stage": "build_arb_tau:start", "ts": "2026-09-29 21:27:31", "age_s": 12775.9}
[2026-09-30 01:01:26] pid=1420 ACTIVE cpu=82663.9s(+59.9s) ws=39MB hb={"stage": "build_arb_tau:start", "ts": "2026-09-29 21:27:31", "age_s": 12835.9}
[2026-09-30 01:02:26] pid=1420 ACTIVE cpu=82723.8s(+60.0s) ws=33MB hb={"stage": "build_arb_tau:start", "ts": "2026-09-29 21:27:31", "age_s": 12895.9}
[2026-09-30 01:03:26] pid=1420 ACTIVE cpu=82783.4s(+59.5s) ws=40MB hb={"stage": "build_arb_tau:start", "ts": "2026-09-29 21:27:31", "age_s": 12955.9}
[2026-09-30 01:04:26] pid=1420 ACTIVE cpu=82843.3s(+60.0s) ws=33MB hb={"stage": "build_arb_tau:start", "ts": "2026-09-29 21:27:31", "age_s": 13015.9}
[2026-09-30 01:05:26] pid=1420 ACTIVE cpu=82903.3s(+59.9s) ws=40MB hb={"stage": "build_arb_tau:start", "ts": "2026-09-29 21:27:31", "age_s": 13075.9}
[2026-09-30 01:06:26] pid=1420 ACTIVE cpu=82963.2s(+60.0s) ws=34MB hb={"stage": "build_arb_tau:start", "ts": "2026-09-29 21:27:31", "age_s": 13135.9}
[2026-09-30 01:07:26] pid=1420 ACTIVE cpu=83023.1s(+59.9s) ws=41MB hb={"stage": "build_arb_tau:start", "ts": "2026-09-29 21:27:31", "age_s": 13195.9}
[2026-09-30 01:08:26] pid=1420 ACTIVE cpu=83083.1s(+60.0s) ws=35MB hb={"stage": "build_arb_tau:start", "ts": "2026-09-29 21:27:31", "age_s": 13255.9}
[2026-09-30 01:09:26] pid=1420 ACTIVE cpu=83143.0s(+59.9s) ws=42MB hb={"stage": "build_arb_tau:start", "ts": "2026-09-29 21:27:31", "age_s": 13315.9}
[2026-09-30 01:10:26] pid=1420 ACTIVE cpu=83202.9s(+59.9s) ws=35MB hb={"stage": "build_arb_tau:start", "ts": "2026-09-29 21:27:31", "age_s": 13375.9}
[2026-09-30 01:11:26] pid=1420 ACTIVE cpu=83262.9s(+60.0s) ws=40MB hb={"stage": "build_arb_tau:start", "ts": "2026-09-29 21:27:31", "age_s": 13435.9}
[2026-09-30 01:12:26] pid=1420 ACTIVE cpu=83321.3s(+58.5s) ws=35MB hb={"stage": "build_arb_tau:start", "ts": "2026-09-29 21:27:31", "age_s": 13495.9}
[2026-09-30 01:13:26] pid=1420 ACTIVE cpu=83381.1s(+59.8s) ws=38MB hb={"stage": "build_arb_tau:start", "ts": "2026-09-29 21:27:31", "age_s": 13555.9}
[2026-09-30 01:14:26] pid=1420 ACTIVE cpu=83440.5s(+59.4s) ws=35MB hb={"stage": "build_arb_tau:start", "ts": "2026-09-29 21:27:31", "age_s": 13615.9}
[2026-09-30 01:15:26] pid=1420 ACTIVE cpu=83500.2s(+59.7s) ws=38MB hb={"stage": "build_arb_tau:start", "ts": "2026-09-29 21:27:31", "age_s": 13675.9}
[2026-09-30 01:16:26] pid=1420 ACTIVE cpu=83560.0s(+59.8s) ws=35MB hb={"stage": "build_arb_tau:start", "ts": "2026-09-29 21:27:31", "age_s": 13735.9}
[2026-09-30 01:17:26] pid=1420 ACTIVE cpu=83619.6s(+59.6s) ws=35MB hb={"stage": "build_arb_tau:start", "ts": "2026-09-29 21:27:31", "age_s": 13795.9}
[2026-09-30 01:18:26] pid=1420 ACTIVE cpu=83679.2s(+59.6s) ws=37MB hb={"stage": "build_arb_tau:start", "ts": "2026-09-29 21:27:31", "age_s": 13855.9}
[2026-09-30 01:19:26] pid=1420 ACTIVE cpu=83738.8s(+59.6s) ws=31MB hb={"stage": "build_arb_tau:start", "ts": "2026-09-29 21:27:31", "age_s": 13915.9}
[2026-09-30 01:20:26] pid=1420 ACTIVE cpu=83798.5s(+59.6s) ws=37MB hb={"stage": "build_arb_tau:start", "ts": "2026-09-29 21:27:31", "age_s": 13975.9}
[2026-09-30 01:21:26] pid=1420 ACTIVE cpu=83858.2s(+59.8s) ws=31MB hb={"stage": "build_arb_tau:start", "ts": "2026-09-29 21:27:31", "age_s": 14035.9}
[2026-09-30 01:22:26] pid=1420 ACTIVE cpu=83917.9s(+59.6s) ws=38MB hb={"stage": "build_arb_tau:start", "ts": "2026-09-29 21:27:31", "age_s": 14095.9}
[2026-09-30 01:23:26] pid=1420 ACTIVE cpu=83977.6s(+59.7s) ws=33MB hb={"stage": "build_arb_tau:start", "ts": "2026-09-29 21:27:31", "age_s": 14155.9}
[2026-09-30 01:24:26] pid=1420 ACTIVE cpu=84037.3s(+59.7s) ws=39MB hb={"stage": "build_arb_tau:start", "ts": "2026-09-29 21:27:31", "age_s": 14215.9}
[2026-09-30 01:25:26] pid=1420 ACTIVE cpu=84097.0s(+59.8s) ws=33MB hb={"stage": "build_arb_tau:start", "ts": "2026-09-29 21:27:31", "age_s": 14275.9}
[2026-09-30 01:26:26] pid=1420 ACTIVE cpu=84156.9s(+59.8s) ws=39MB hb={"stage": "build_arb_tau:start", "ts": "2026-09-29 21:27:31", "age_s": 14335.9}
[2026-09-30 01:27:26] pid=1420 ACTIVE cpu=84216.5s(+59.7s) ws=34MB hb={"stage": "build_arb_tau:start", "ts": "2026-09-29 21:27:31", "age_s": 14395.9}
[2026-09-30 01:28:26] pid=1420 ACTIVE cpu=84276.2s(+59.7s) ws=36MB hb={"stage": "build_arb_tau:start", "ts": "2026-09-29 21:27:31", "age_s": 14455.9}
[2026-09-30 01:29:26] pid=1420 ACTIVE cpu=84335.8s(+59.6s) ws=35MB hb={"stage": "build_arb_tau:start", "ts": "2026-09-29 21:27:31", "age_s": 14515.9}
[2026-09-30 01:30:26] pid=1420 ACTIVE cpu=84395.5s(+59.7s) ws=34MB hb={"stage": "build_arb_tau:start", "ts": "2026-09-29 21:27:31", "age_s": 14575.9}
[2026-09-30 01:31:26] pid=1420 ACTIVE cpu=84455.2s(+59.7s) ws=36MB hb={"stage": "build_arb_tau:start", "ts": "2026-09-29 21:27:31", "age_s": 14635.9}
[2026-09-30 01:32:26] pid=1420 ACTIVE cpu=84514.8s(+59.6s) ws=31MB hb={"stage": "build_arb_tau:start", "ts": "2026-09-29 21:27:31", "age_s": 14695.9}
[2026-09-30 01:33:26] pid=1420 ACTIVE cpu=84574.5s(+59.8s) ws=37MB hb={"stage": "build_arb_tau:start", "ts": "2026-09-29 21:27:31", "age_s": 14755.9}
[2026-09-30 01:34:26] pid=1420 ACTIVE cpu=84634.2s(+59.7s) ws=31MB hb={"stage": "build_arb_tau:start", "ts": "2026-09-29 21:27:31", "age_s": 14815.9}
[2026-09-30 01:35:26] pid=1420 ACTIVE cpu=84693.8s(+59.6s) ws=38MB hb={"stage": "build_arb_tau:start", "ts": "2026-09-29 21:27:31", "age_s": 14875.9}
[2026-09-30 01:36:26] pid=1420 ACTIVE cpu=84753.5s(+59.7s) ws=32MB hb={"stage": "build_arb_tau:start", "ts": "2026-09-29 21:27:31", "age_s": 14935.9}
[2026-09-30 01:37:26] pid=1420 ACTIVE cpu=84813.3s(+59.8s) ws=38MB hb={"stage": "build_arb_tau:start", "ts": "2026-09-29 21:27:31", "age_s": 14995.9}
[2026-09-30 01:38:26] pid=1420 ACTIVE cpu=84872.9s(+59.6s) ws=33MB hb={"stage": "build_arb_tau:start", "ts": "2026-09-29 21:27:31", "age_s": 15055.9}
[2026-09-30 01:39:26] pid=1420 ACTIVE cpu=84932.6s(+59.7s) ws=40MB hb={"stage": "build_arb_tau:start", "ts": "2026-09-29 21:27:31", "age_s": 15115.9}
[2026-09-30 01:40:26] pid=1420 ACTIVE cpu=84992.4s(+59.8s) ws=34MB hb={"stage": "build_arb_tau:start", "ts": "2026-09-29 21:27:31", "age_s": 15175.9}
[2026-09-30 01:41:26] pid=1420 ACTIVE cpu=85052.2s(+59.8s) ws=36MB hb={"stage": "build_arb_tau:start", "ts": "2026-09-29 21:27:31", "age_s": 15235.9}
[2026-09-30 01:42:26] pid=1420 ACTIVE cpu=85111.8s(+59.6s) ws=35MB hb={"stage": "build_arb_tau:start", "ts": "2026-09-29 21:27:31", "age_s": 15295.9}
[2026-09-30 01:43:26] pid=1420 ACTIVE cpu=85171.5s(+59.8s) ws=32MB hb={"stage": "build_arb_tau:start", "ts": "2026-09-29 21:27:31", "age_s": 15355.9}
[2026-09-30 01:44:26] pid=1420 ACTIVE cpu=85231.3s(+59.8s) ws=37MB hb={"stage": "build_arb_tau:start", "ts": "2026-09-29 21:27:31", "age_s": 15415.9}
[2026-09-30 01:45:26] pid=1420 ACTIVE cpu=85290.9s(+59.6s) ws=31MB hb={"stage": "build_arb_tau:start", "ts": "2026-09-29 21:27:31", "age_s": 15475.9}
[2026-09-30 01:46:26] pid=1420 ACTIVE cpu=85350.7s(+59.8s) ws=37MB hb={"stage": "build_arb_tau:start", "ts": "2026-09-29 21:27:31", "age_s": 15535.9}
[2026-09-30 01:47:26] pid=1420 ACTIVE cpu=85410.5s(+59.7s) ws=33MB hb={"stage": "build_arb_tau:start", "ts": "2026-09-29 21:27:31", "age_s": 15595.9}
[2026-09-30 01:48:26] pid=1420 ACTIVE cpu=85470.2s(+59.7s) ws=39MB hb={"stage": "build_arb_tau:start", "ts": "2026-09-29 21:27:31", "age_s": 15656.0}
[2026-09-30 01:49:26] pid=1420 ACTIVE cpu=85529.9s(+59.7s) ws=34MB hb={"stage": "build_arb_tau:start", "ts": "2026-09-29 21:27:31", "age_s": 15716.0}
[2026-09-30 01:50:26] pid=1420 ACTIVE cpu=85589.5s(+59.6s) ws=35MB hb={"stage": "build_arb_tau:start", "ts": "2026-09-29 21:27:31", "age_s": 15776.0}
[2026-09-30 01:51:26] pid=1420 ACTIVE cpu=85649.2s(+59.7s) ws=36MB hb={"stage": "build_arb_tau:start", "ts": "2026-09-29 21:27:31", "age_s": 15836.0}
[2026-09-30 01:52:26] pid=1420 ACTIVE cpu=85708.7s(+59.5s) ws=33MB hb={"stage": "build_arb_tau:start", "ts": "2026-09-29 21:27:31", "age_s": 15896.0}
[2026-09-30 01:53:26] pid=1420 ACTIVE cpu=85768.3s(+59.6s) ws=37MB hb={"stage": "build_arb_tau:start", "ts": "2026-09-29 21:27:31", "age_s": 15956.0}
[2026-09-30 01:54:26] pid=1420 ACTIVE cpu=85827.9s(+59.6s) ws=31MB hb={"stage": "build_arb_tau:start", "ts": "2026-09-29 21:27:31", "age_s": 16016.0}
[2026-09-30 01:55:26] pid=1420 ACTIVE cpu=85887.4s(+59.5s) ws=37MB hb={"stage": "build_arb_tau:start", "ts": "2026-09-29 21:27:31", "age_s": 16076.0}
[2026-09-30 01:56:26] pid=1420 ACTIVE cpu=85947.1s(+59.8s) ws=31MB hb={"stage": "build_arb_tau:start", "ts": "2026-09-29 21:27:31", "age_s": 16136.0}
[2026-09-30 01:57:26] pid=1420 ACTIVE cpu=86006.2s(+59.1s) ws=38MB hb={"stage": "build_arb_tau:start", "ts": "2026-09-29 21:27:31", "age_s": 16196.0}
[2026-09-30 01:58:26] pid=1420 ACTIVE cpu=86066.0s(+59.8s) ws=32MB hb={"stage": "build_arb_tau:start", "ts": "2026-09-29 21:27:31", "age_s": 16256.0}
[2026-09-30 01:59:26] pid=1420 ACTIVE cpu=86125.0s(+59.0s) ws=39MB hb={"stage": "build_arb_tau:start", "ts": "2026-09-29 21:27:31", "age_s": 16316.0}
[2026-09-30 02:00:26] pid=1420 ACTIVE cpu=86184.7s(+59.7s) ws=32MB hb={"stage": "build_arb_tau:start", "ts": "2026-09-29 21:27:31", "age_s": 16376.0}
[2026-09-30 02:01:26] pid=1420 ACTIVE cpu=86244.3s(+59.7s) ws=38MB hb={"stage": "build_arb_tau:start", "ts": "2026-09-29 21:27:31", "age_s": 16436.0}
[2026-09-30 02:02:26] pid=1420 ACTIVE cpu=86303.9s(+59.6s) ws=34MB hb={"stage": "build_arb_tau:start", "ts": "2026-09-29 21:27:31", "age_s": 16496.0}
[2026-09-30 02:03:26] pid=1420 ACTIVE cpu=86363.5s(+59.6s) ws=33MB hb={"stage": "build_arb_tau:start", "ts": "2026-09-29 21:27:31", "age_s": 16556.0}
[2026-09-30 02:04:26] pid=1420 ACTIVE cpu=86422.6s(+59.1s) ws=35MB hb={"stage": "build_arb_tau:start", "ts": "2026-09-29 21:27:31", "age_s": 16616.0}
[2026-09-30 02:05:26] pid=1420 ACTIVE cpu=86482.3s(+59.7s) ws=31MB hb={"stage": "build_arb_tau:start", "ts": "2026-09-29 21:27:31", "age_s": 16676.0}
[2026-09-30 02:06:26] pid=1420 ACTIVE cpu=86542.1s(+59.8s) ws=37MB hb={"stage": "build_arb_tau:start", "ts": "2026-09-29 21:27:31", "age_s": 16736.0}
[2026-09-30 02:07:26] pid=1420 ACTIVE cpu=86601.8s(+59.7s) ws=31MB hb={"stage": "build_arb_tau:start", "ts": "2026-09-29 21:27:31", "age_s": 16796.0}
[2026-09-30 02:08:26] pid=1420 ACTIVE cpu=86661.5s(+59.7s) ws=38MB hb={"stage": "build_arb_tau:start", "ts": "2026-09-29 21:27:31", "age_s": 16856.0}
[2026-09-30 02:09:26] pid=1420 ACTIVE cpu=86721.2s(+59.7s) ws=32MB hb={"stage": "build_arb_tau:start", "ts": "2026-09-29 21:27:31", "age_s": 16916.0}
[2026-09-30 02:10:26] pid=1420 ACTIVE cpu=86781.0s(+59.8s) ws=38MB hb={"stage": "build_arb_tau:start", "ts": "2026-09-29 21:27:31", "age_s": 16976.0}
[2026-09-30 02:11:26] pid=1420 ACTIVE cpu=86840.8s(+59.8s) ws=33MB hb={"stage": "build_arb_tau:start", "ts": "2026-09-29 21:27:31", "age_s": 17036.0}
[2026-09-30 02:12:26] pid=1420 ACTIVE cpu=86900.5s(+59.7s) ws=34MB hb={"stage": "build_arb_tau:start", "ts": "2026-09-29 21:27:31", "age_s": 17096.0}
[2026-09-30 02:13:26] pid=1420 ACTIVE cpu=86959.2s(+58.6s) ws=35MB hb={"stage": "build_arb_tau:start", "ts": "2026-09-29 21:27:31", "age_s": 17156.0}
[2026-09-30 02:14:26] pid=1420 ACTIVE cpu=87018.8s(+59.6s) ws=37MB hb={"stage": "build_arb_tau:start", "ts": "2026-09-29 21:27:31", "age_s": 17216.0}
[2026-09-30 02:15:26] pid=1420 ACTIVE cpu=87078.5s(+59.7s) ws=36MB hb={"stage": "build_arb_tau:start", "ts": "2026-09-29 21:27:31", "age_s": 17276.0}
[2026-09-30 02:16:26] pid=1420 ACTIVE cpu=87138.2s(+59.7s) ws=31MB hb={"stage": "build_arb_tau:start", "ts": "2026-09-29 21:27:31", "age_s": 17336.0}
[2026-09-30 02:17:26] pid=1420 ACTIVE cpu=87197.9s(+59.7s) ws=36MB hb={"stage": "build_arb_tau:start", "ts": "2026-09-29 21:27:31", "age_s": 17396.0}
[2026-09-30 02:18:26] pid=1420 ACTIVE cpu=87257.4s(+59.5s) ws=31MB hb={"stage": "build_arb_tau:start", "ts": "2026-09-29 21:27:31", "age_s": 17456.0}
[2026-09-30 02:19:26] pid=1420 ACTIVE cpu=87317.1s(+59.7s) ws=38MB hb={"stage": "build_arb_tau:start", "ts": "2026-09-29 21:27:31", "age_s": 17516.0}
[2026-09-30 02:20:26] pid=1420 ACTIVE cpu=87376.8s(+59.7s) ws=33MB hb={"stage": "build_arb_tau:start", "ts": "2026-09-29 21:27:31", "age_s": 17576.0}
[2026-09-30 02:21:26] pid=1420 ACTIVE cpu=87436.5s(+59.7s) ws=38MB hb={"stage": "build_arb_tau:start", "ts": "2026-09-29 21:27:31", "age_s": 17636.0}
[2026-09-30 02:22:26] pid=1420 ACTIVE cpu=87496.2s(+59.7s) ws=34MB hb={"stage": "build_arb_tau:start", "ts": "2026-09-29 21:27:31", "age_s": 17696.0}
[2026-09-30 02:23:26] pid=1420 ACTIVE cpu=87555.9s(+59.7s) ws=35MB hb={"stage": "build_arb_tau:start", "ts": "2026-09-29 21:27:31", "age_s": 17756.0}
[2026-09-30 02:24:26] pid=1420 ACTIVE cpu=87615.6s(+59.7s) ws=35MB hb={"stage": "build_arb_tau:start", "ts": "2026-09-29 21:27:31", "age_s": 17816.0}
[2026-09-30 02:25:26] pid=1420 ACTIVE cpu=87675.4s(+59.8s) ws=30MB hb={"stage": "build_arb_tau:start", "ts": "2026-09-29 21:27:31", "age_s": 17876.0}
[2026-09-30 02:26:26] pid=1420 ACTIVE cpu=87735.2s(+59.8s) ws=37MB hb={"stage": "build_arb_tau:start", "ts": "2026-09-29 21:27:31", "age_s": 17936.0}
[2026-09-30 02:27:27] pid=1420 ACTIVE cpu=87794.9s(+59.8s) ws=32MB hb={"stage": "build_arb_tau:start", "ts": "2026-09-29 21:27:31", "age_s": 17996.0}
[2026-09-30 02:28:27] pid=1420 ACTIVE cpu=87854.6s(+59.7s) ws=38MB hb={"stage": "build_arb_tau:start", "ts": "2026-09-29 21:27:31", "age_s": 18056.0}
[2026-09-30 02:29:27] pid=1420 ACTIVE cpu=87914.3s(+59.7s) ws=34MB hb={"stage": "build_arb_tau:start", "ts": "2026-09-29 21:27:31", "age_s": 18116.0}
[2026-09-30 02:30:27] pid=1420 ACTIVE cpu=87974.0s(+59.7s) ws=34MB hb={"stage": "build_arb_tau:start", "ts": "2026-09-29 21:27:31", "age_s": 18176.0}
[2026-09-30 02:31:27] pid=1420 ACTIVE cpu=88033.7s(+59.7s) ws=35MB hb={"stage": "build_arb_tau:start", "ts": "2026-09-29 21:27:31", "age_s": 18236.0}
[2026-09-30 02:32:27] pid=1420 ACTIVE cpu=88093.4s(+59.7s) ws=31MB hb={"stage": "build_arb_tau:start", "ts": "2026-09-29 21:27:31", "age_s": 18296.0}
[2026-09-30 02:33:27] pid=1420 ACTIVE cpu=88152.9s(+59.5s) ws=37MB hb={"stage": "build_arb_tau:start", "ts": "2026-09-29 21:27:31", "age_s": 18356.0}
[2026-09-30 02:34:27] pid=1420 ACTIVE cpu=88212.5s(+59.6s) ws=31MB hb={"stage": "build_arb_tau:start", "ts": "2026-09-29 21:27:31", "age_s": 18416.0}
[2026-09-30 02:35:27] pid=1420 ACTIVE cpu=88272.2s(+59.7s) ws=37MB hb={"stage": "build_arb_tau:start", "ts": "2026-09-29 21:27:31", "age_s": 18476.0}
[2026-09-30 02:36:27] pid=1420 ACTIVE cpu=88331.9s(+59.8s) ws=31MB hb={"stage": "build_arb_tau:start", "ts": "2026-09-29 21:27:31", "age_s": 18536.0}
[2026-09-30 02:37:27] pid=1420 ACTIVE cpu=88391.7s(+59.8s) ws=38MB hb={"stage": "build_arb_tau:start", "ts": "2026-09-29 21:27:31", "age_s": 18596.0}
[2026-09-30 02:38:27] pid=1420 ACTIVE cpu=88451.2s(+59.5s) ws=33MB hb={"stage": "build_arb_tau:start", "ts": "2026-09-29 21:27:31", "age_s": 18656.0}
[2026-09-30 02:39:27] pid=1420 ACTIVE cpu=88510.9s(+59.7s) ws=38MB hb={"stage": "build_arb_tau:start", "ts": "2026-09-29 21:27:31", "age_s": 18716.0}
[2026-09-30 02:40:27] pid=1420 ACTIVE cpu=88570.7s(+59.8s) ws=34MB hb={"stage": "build_arb_tau:start", "ts": "2026-09-29 21:27:31", "age_s": 18776.0}
[2026-09-30 02:41:27] pid=1420 ACTIVE cpu=88630.4s(+59.7s) ws=32MB hb={"stage": "build_arb_tau:start", "ts": "2026-09-29 21:27:31", "age_s": 18836.0}
[2026-09-30 02:42:27] pid=1420 ACTIVE cpu=88690.2s(+59.8s) ws=36MB hb={"stage": "build_arb_tau:start", "ts": "2026-09-29 21:27:31", "age_s": 18896.0}
[2026-09-30 02:43:27] pid=1420 ACTIVE cpu=88749.7s(+59.5s) ws=31MB hb={"stage": "build_arb_tau:start", "ts": "2026-09-29 21:27:31", "age_s": 18956.0}
[2026-09-30 02:44:27] pid=1420 ACTIVE cpu=88809.3s(+59.6s) ws=38MB hb={"stage": "build_arb_tau:start", "ts": "2026-09-29 21:27:31", "age_s": 19016.0}
[2026-09-30 02:45:27] pid=1420 ACTIVE cpu=88869.0s(+59.7s) ws=32MB hb={"stage": "build_arb_tau:start", "ts": "2026-09-29 21:27:31", "age_s": 19076.0}
[2026-09-30 02:46:27] pid=1420 ACTIVE cpu=88928.7s(+59.7s) ws=39MB hb={"stage": "build_arb_tau:start", "ts": "2026-09-29 21:27:31", "age_s": 19136.0}
[2026-09-30 02:47:27] pid=1420 ACTIVE cpu=88988.5s(+59.8s) ws=34MB hb={"stage": "build_arb_tau:start", "ts": "2026-09-29 21:27:31", "age_s": 19196.0}
[2026-09-30 02:48:27] pid=1420 ACTIVE cpu=89048.2s(+59.7s) ws=35MB hb={"stage": "build_arb_tau:start", "ts": "2026-09-29 21:27:31", "age_s": 19256.0}
[2026-09-30 02:49:27] pid=1420 ACTIVE cpu=89107.9s(+59.7s) ws=36MB hb={"stage": "build_arb_tau:start", "ts": "2026-09-29 21:27:31", "age_s": 19316.0}
[2026-09-30 02:50:27] pid=1420 ACTIVE cpu=89167.6s(+59.7s) ws=30MB hb={"stage": "build_arb_tau:start", "ts": "2026-09-29 21:27:31", "age_s": 19376.0}
[2026-09-30 02:51:27] pid=1420 ACTIVE cpu=89225.9s(+58.3s) ws=37MB hb={"stage": "build_arb_tau:start", "ts": "2026-09-29 21:27:31", "age_s": 19436.0}
[2026-09-30 02:52:27] pid=1420 ACTIVE cpu=89285.6s(+59.7s) ws=31MB hb={"stage": "build_arb_tau:start", "ts": "2026-09-29 21:27:31", "age_s": 19496.0}
[2026-09-30 02:53:27] pid=1420 ACTIVE cpu=89345.2s(+59.6s) ws=38MB hb={"stage": "build_arb_tau:start", "ts": "2026-09-29 21:27:31", "age_s": 19556.0}
[2026-09-30 02:54:27] pid=1420 ACTIVE cpu=89405.0s(+59.8s) ws=33MB hb={"stage": "build_arb_tau:start", "ts": "2026-09-29 21:27:31", "age_s": 19616.0}
[2026-09-30 02:55:27] pid=1420 ACTIVE cpu=89464.6s(+59.6s) ws=38MB hb={"stage": "build_arb_tau:start", "ts": "2026-09-29 21:27:31", "age_s": 19676.0}
[2026-09-30 02:56:27] pid=1420 ACTIVE cpu=89524.1s(+59.5s) ws=34MB hb={"stage": "build_arb_tau:start", "ts": "2026-09-29 21:27:31", "age_s": 19736.0}
[2026-09-30 02:57:27] pid=1420 ACTIVE cpu=89583.7s(+59.6s) ws=32MB hb={"stage": "build_arb_tau:start", "ts": "2026-09-29 21:27:31", "age_s": 19796.0}
[2026-09-30 02:58:27] pid=1420 ACTIVE cpu=89643.5s(+59.7s) ws=36MB hb={"stage": "build_arb_tau:start", "ts": "2026-09-29 21:27:31", "age_s": 19856.0}
[2026-09-30 02:59:27] pid=1420 ACTIVE cpu=89703.1s(+59.7s) ws=30MB hb={"stage": "build_arb_tau:start", "ts": "2026-09-29 21:27:31", "age_s": 19916.0}
[2026-09-30 03:00:27] pid=1420 ACTIVE cpu=89762.8s(+59.7s) ws=36MB hb={"stage": "build_arb_tau:start", "ts": "2026-09-29 21:27:31", "age_s": 19976.0}
[2026-09-30 03:01:27] pid=1420 ACTIVE cpu=89822.6s(+59.8s) ws=32MB hb={"stage": "build_arb_tau:start", "ts": "2026-09-29 21:27:31", "age_s": 20036.0}
[2026-09-30 03:02:27] pid=1420 ACTIVE cpu=89882.3s(+59.7s) ws=38MB hb={"stage": "build_arb_tau:start", "ts": "2026-09-29 21:27:31", "age_s": 20096.0}
[2026-09-30 03:03:27] pid=1420 ACTIVE cpu=89942.0s(+59.7s) ws=34MB hb={"stage": "build_arb_tau:start", "ts": "2026-09-29 21:27:31", "age_s": 20156.1}
[2026-09-30 03:04:27] pid=1420 ACTIVE cpu=90001.8s(+59.8s) ws=32MB hb={"stage": "build_arb_tau:start", "ts": "2026-09-29 21:27:31", "age_s": 20216.1}
[2026-09-30 03:05:27] pid=1420 ACTIVE cpu=90060.9s(+59.1s) ws=36MB hb={"stage": "build_arb_tau:start", "ts": "2026-09-29 21:27:31", "age_s": 20276.1}
[2026-09-30 03:06:27] pid=1420 ACTIVE cpu=90120.6s(+59.7s) ws=30MB hb={"stage": "build_arb_tau:start", "ts": "2026-09-29 21:27:31", "age_s": 20336.1}
[2026-09-30 03:07:27] pid=1420 ACTIVE cpu=90180.3s(+59.7s) ws=37MB hb={"stage": "build_arb_tau:start", "ts": "2026-09-29 21:27:31", "age_s": 20396.1}
[2026-09-30 03:08:27] pid=1420 ACTIVE cpu=90240.0s(+59.7s) ws=32MB hb={"stage": "build_arb_tau:start", "ts": "2026-09-29 21:27:31", "age_s": 20456.1}
[2026-09-30 03:09:27] pid=1420 ACTIVE cpu=90298.2s(+58.3s) ws=38MB hb={"stage": "build_arb_tau:start", "ts": "2026-09-29 21:27:31", "age_s": 20516.1}
[2026-09-30 03:10:27] pid=1420 ACTIVE cpu=90357.8s(+59.6s) ws=32MB hb={"stage": "build_arb_tau:start", "ts": "2026-09-29 21:27:31", "age_s": 20576.1}
[2026-09-30 03:11:27] pid=1420 ACTIVE cpu=90417.5s(+59.7s) ws=37MB hb={"stage": "build_arb_tau:start", "ts": "2026-09-29 21:27:31", "age_s": 20636.1}
[2026-09-30 03:12:27] pid=1420 ACTIVE cpu=90477.3s(+59.7s) ws=34MB hb={"stage": "build_arb_tau:start", "ts": "2026-09-29 21:27:31", "age_s": 20696.1}
[2026-09-30 03:13:27] pid=1420 ACTIVE cpu=90537.0s(+59.7s) ws=33MB hb={"stage": "build_arb_tau:start", "ts": "2026-09-29 21:27:31", "age_s": 20756.1}
[2026-09-30 03:14:27] pid=1420 ACTIVE cpu=90595.9s(+58.8s) ws=36MB hb={"stage": "build_arb_tau:start", "ts": "2026-09-29 21:27:31", "age_s": 20816.1}
[2026-09-30 03:15:27] pid=1420 ACTIVE cpu=90655.6s(+59.8s) ws=30MB hb={"stage": "build_arb_tau:start", "ts": "2026-09-29 21:27:31", "age_s": 20876.1}
[2026-09-30 07:55:33] WATCHDOG start pid=2356 interval=60s
[2026-09-30 07:56:33] pid=2356 ACTIVE cpu=47.9s(+47.9s) ws=45MB hb={"stage": "build_arb_tau:start", "ts": "2026-09-30 07:55:25", "age_s": 68.8}
[2026-09-30 07:57:33] pid=2356 ACTIVE cpu=102.6s(+54.6s) ws=45MB hb={"stage": "build_arb_tau:start", "ts": "2026-09-30 07:55:25", "age_s": 128.8}
[2026-09-30 07:58:33] pid=2356 ACTIVE cpu=159.2s(+56.7s) ws=46MB hb={"stage": "build_arb_tau:start", "ts": "2026-09-30 07:55:25", "age_s": 188.8}
[2026-09-30 07:59:33] pid=2356 ACTIVE cpu=217.0s(+57.8s) ws=46MB hb={"stage": "build_arb_tau:start", "ts": "2026-09-30 07:55:25", "age_s": 248.8}
[2026-09-30 08:00:33] pid=2356 ACTIVE cpu=275.8s(+58.7s) ws=46MB hb={"stage": "build_arb_tau:start", "ts": "2026-09-30 07:55:25", "age_s": 308.8}
[2026-09-30 08:01:33] pid=2356 ACTIVE cpu=333.8s(+58.1s) ws=42MB hb={"stage": "build_arb_tau:start", "ts": "2026-09-30 07:55:25", "age_s": 368.8}
[2026-09-30 08:02:33] pid=2356 ACTIVE cpu=392.5s(+58.7s) ws=36MB hb={"stage": "build_arb_tau:start", "ts": "2026-09-30 07:55:25", "age_s": 428.8}
[2026-09-30 08:03:33] pid=2356 ACTIVE cpu=448.9s(+56.4s) ws=31MB hb={"stage": "build_arb_tau:start", "ts": "2026-09-30 07:55:25", "age_s": 488.8}
[2026-09-30 08:04:33] pid=2356 ACTIVE cpu=497.2s(+48.3s) ws=30MB hb={"stage": "build_arb_tau:start", "ts": "2026-09-30 07:55:25", "age_s": 548.8}
[2026-09-30 08:05:33] pid=2356 ACTIVE cpu=549.4s(+52.2s) ws=30MB hb={"stage": "build_arb_tau:start", "ts": "2026-09-30 07:55:25", "age_s": 608.8}
[2026-09-30 08:06:33] pid=2356 ACTIVE cpu=604.1s(+54.7s) ws=29MB hb={"stage": "build_arb_tau:start", "ts": "2026-09-30 07:55:25", "age_s": 668.8}
[2026-09-30 08:07:33] pid=2356 ACTIVE cpu=657.0s(+52.8s) ws=25MB hb={"stage": "build_arb_tau:start", "ts": "2026-09-30 07:55:25", "age_s": 728.8}
[2026-09-30 08:08:33] pid=2356 ACTIVE cpu=709.4s(+52.5s) ws=21MB hb={"stage": "build_arb_tau:start", "ts": "2026-09-30 07:55:25", "age_s": 788.8}
[2026-09-30 08:09:33] pid=2356 ACTIVE cpu=761.8s(+52.4s) ws=19MB hb={"stage": "build_arb_tau:start", "ts": "2026-09-30 07:55:25", "age_s": 848.8}
[2026-09-30 08:10:33] pid=2356 ACTIVE cpu=813.5s(+51.7s) ws=18MB hb={"stage": "build_arb_tau:start", "ts": "2026-09-30 07:55:25", "age_s": 908.8}
[2026-09-30 08:11:33] pid=2356 ACTIVE cpu=861.3s(+47.8s) ws=18MB hb={"stage": "build_arb_tau:start", "ts": "2026-09-30 07:55:25", "age_s": 968.8}
[2026-09-30 08:12:33] pid=2356 ACTIVE cpu=917.7s(+56.4s) ws=18MB hb={"stage": "build_arb_tau:start", "ts": "2026-09-30 07:55:25", "age_s": 1028.8}
[2026-09-30 08:13:33] pid=2356 ACTIVE cpu=973.6s(+55.9s) ws=18MB hb={"stage": "build_arb_tau:start", "ts": "2026-09-30 07:55:25", "age_s": 1088.8}
[2026-09-30 08:14:33] pid=2356 ACTIVE cpu=1030.8s(+57.2s) ws=17MB hb={"stage": "build_arb_tau:start", "ts": "2026-09-30 07:55:25", "age_s": 1148.8}
[2026-09-30 08:15:33] pid=2356 ACTIVE cpu=1089.2s(+58.3s) ws=17MB hb={"stage": "build_arb_tau:start", "ts": "2026-09-30 07:55:25", "age_s": 1208.8}
[2026-09-30 08:16:33] pid=2356 ACTIVE cpu=1148.2s(+59.0s) ws=17MB hb={"stage": "build_arb_tau:start", "ts": "2026-09-30 07:55:25", "age_s": 1268.8}
[2026-09-30 08:17:33] pid=2356 ACTIVE cpu=1201.1s(+52.9s) ws=17MB hb={"stage": "build_arb_tau:start", "ts": "2026-09-30 07:55:25", "age_s": 1328.9}
[2026-09-30 08:18:33] pid=2356 ACTIVE cpu=1254.8s(+53.7s) ws=17MB hb={"stage": "build_arb_tau:start", "ts": "2026-09-30 07:55:25", "age_s": 1388.9}
[2026-09-30 08:19:33] pid=2356 ACTIVE cpu=1306.4s(+51.7s) ws=17MB hb={"stage": "build_arb_tau:start", "ts": "2026-09-30 07:55:25", "age_s": 1448.9}
[2026-09-30 08:20:33] pid=2356 ACTIVE cpu=1358.7s(+52.3s) ws=16MB hb={"stage": "build_arb_tau:start", "ts": "2026-09-30 07:55:25", "age_s": 1508.9}
[2026-09-30 08:21:33] pid=2356 ACTIVE cpu=1417.4s(+58.6s) ws=16MB hb={"stage": "build_arb_tau:start", "ts": "2026-09-30 07:55:25", "age_s": 1568.9}
[2026-09-30 08:22:33] pid=2356 ACTIVE cpu=1476.4s(+59.0s) ws=16MB hb={"stage": "build_arb_tau:start", "ts": "2026-09-30 07:55:25", "age_s": 1628.9}
[2026-09-30 08:23:33] pid=2356 ACTIVE cpu=1536.0s(+59.6s) ws=17MB hb={"stage": "build_arb_tau:start", "ts": "2026-09-30 07:55:25", "age_s": 1688.9}
[2026-09-30 08:24:33] pid=2356 ACTIVE cpu=1595.5s(+59.6s) ws=17MB hb={"stage": "build_arb_tau:start", "ts": "2026-09-30 07:55:25", "age_s": 1748.9}
[2026-09-30 08:25:33] pid=2356 ACTIVE cpu=1655.4s(+59.8s) ws=17MB hb={"stage": "build_arb_tau:start", "ts": "2026-09-30 07:55:25", "age_s": 1808.9}
[2026-09-30 08:26:33] pid=2356 ACTIVE cpu=1715.2s(+59.9s) ws=147MB hb={"stage": "build_arb_tau:start", "ts": "2026-09-30 07:55:25", "age_s": 1868.9}
[2026-09-30 08:27:33] pid=2356 ACTIVE cpu=1774.7s(+59.5s) ws=154MB hb={"stage": "build_arb_tau:start", "ts": "2026-09-30 07:55:25", "age_s": 1928.9}
[2026-09-30 08:28:33] pid=2356 ACTIVE cpu=1834.5s(+59.8s) ws=161MB hb={"stage": "build_arb_tau:start", "ts": "2026-09-30 07:55:25", "age_s": 1988.9}
[2026-09-30 08:29:33] pid=2356 ACTIVE cpu=1894.2s(+59.7s) ws=166MB hb={"stage": "build_arb_tau:start", "ts": "2026-09-30 07:55:25", "age_s": 2048.9}
[2026-09-30 08:30:33] pid=2356 ACTIVE cpu=1954.0s(+59.8s) ws=106MB hb={"stage": "build_arb_tau:start", "ts": "2026-09-30 07:55:25", "age_s": 2108.9}
[2026-09-30 08:31:33] pid=2356 ACTIVE cpu=2011.7s(+57.7s) ws=70MB hb={"stage": "build_arb_tau:start", "ts": "2026-09-30 07:55:25", "age_s": 2168.9}
[2026-09-30 08:32:33] pid=2356 ACTIVE cpu=2070.8s(+59.1s) ws=60MB hb={"stage": "build_arb_tau:start", "ts": "2026-09-30 07:55:25", "age_s": 2228.9}
[2026-09-30 08:33:33] pid=2356 ACTIVE cpu=2128.0s(+57.2s) ws=55MB hb={"stage": "build_arb_tau:start", "ts": "2026-09-30 07:55:25", "age_s": 2288.9}
[2026-09-30 08:34:33] pid=2356 ACTIVE cpu=2188.0s(+60.0s) ws=57MB hb={"stage": "build_arb_tau:start", "ts": "2026-09-30 07:55:25", "age_s": 2348.9}
[2026-09-30 08:35:33] pid=2356 ACTIVE cpu=2247.8s(+59.8s) ws=60MB hb={"stage": "build_arb_tau:start", "ts": "2026-09-30 07:55:25", "age_s": 2408.9}
[2026-09-30 08:36:33] pid=2356 ACTIVE cpu=2305.3s(+57.5s) ws=55MB hb={"stage": "build_arb_tau:start", "ts": "2026-09-30 07:55:25", "age_s": 2468.9}
[2026-09-30 08:37:23] WATCHDOG start pid=2356 interval=60s
[2026-09-30 08:37:33] pid=2356 ACTIVE cpu=2360.6s(+55.3s) ws=58MB hb={"stage": "build_arb_tau:start", "ts": "2026-09-30 07:55:25", "age_s": 2528.9}
[2026-09-30 08:38:23] pid=2356 ACTIVE cpu=2409.2s(+2409.2s) ws=60MB hb={"stage": "build_arb_tau:start", "ts": "2026-09-30 07:55:25", "age_s": 2578.7}
[2026-09-30 08:38:33] pid=2356 ACTIVE cpu=2419.0s(+58.4s) ws=67MB hb={"stage": "build_arb_tau:start", "ts": "2026-09-30 07:55:25", "age_s": 2588.9}
[2026-09-30 08:39:23] pid=2356 ACTIVE cpu=2466.5s(+57.3s) ws=67MB hb={"stage": "build_arb_tau:start", "ts": "2026-09-30 07:55:25", "age_s": 2638.7}
[2026-09-30 08:39:33] pid=2356 ACTIVE cpu=2476.6s(+57.7s) ws=68MB hb={"stage": "build_arb_tau:start", "ts": "2026-09-30 07:55:25", "age_s": 2648.9}
[2026-09-30 08:40:23] pid=2356 ACTIVE cpu=2523.7s(+57.2s) ws=76MB hb={"stage": "build_arb_tau:start", "ts": "2026-09-30 07:55:25", "age_s": 2698.7}
[2026-09-30 08:40:33] pid=2356 ACTIVE cpu=2533.5s(+56.9s) ws=76MB hb={"stage": "build_arb_tau:start", "ts": "2026-09-30 07:55:25", "age_s": 2708.9}
[2026-09-30 08:41:23] pid=2356 ACTIVE cpu=2582.3s(+58.5s) ws=79MB hb={"stage": "build_arb_tau:start", "ts": "2026-09-30 07:55:25", "age_s": 2758.7}
[2026-09-30 08:41:33] pid=2356 ACTIVE cpu=2592.4s(+58.9s) ws=80MB hb={"stage": "build_arb_tau:start", "ts": "2026-09-30 07:55:25", "age_s": 2768.9}
[2026-09-30 08:42:33] pid=2356 ACTIVE cpu=2638.0s(+45.7s) ws=85MB hb={"stage": "build_arb_tau:start", "ts": "2026-09-30 07:55:25", "age_s": 2828.9}
[2026-09-30 08:43:33] pid=2356 ACTIVE cpu=2694.4s(+56.4s) ws=87MB hb={"stage": "build_arb_tau:start", "ts": "2026-09-30 07:55:25", "age_s": 2888.9}
[2026-09-30 08:44:33] pid=2356 ACTIVE cpu=2751.4s(+57.0s) ws=78MB hb={"stage": "build_arb_tau:start", "ts": "2026-09-30 07:55:25", "age_s": 2948.9}
[2026-09-30 08:45:33] pid=2356 ACTIVE cpu=2799.2s(+47.8s) ws=74MB hb={"stage": "build_arb_tau:start", "ts": "2026-09-30 07:55:25", "age_s": 3008.9}
[2026-09-30 08:46:33] pid=2356 ACTIVE cpu=2856.5s(+57.3s) ws=63MB hb={"stage": "build_arb_tau:start", "ts": "2026-09-30 07:55:25", "age_s": 3068.9}
[2026-09-30 08:47:33] pid=2356 ACTIVE cpu=2907.0s(+50.5s) ws=62MB hb={"stage": "build_arb_tau:start", "ts": "2026-09-30 07:55:25", "age_s": 3128.9}
[2026-09-30 08:48:33] pid=2356 ACTIVE cpu=2963.3s(+56.2s) ws=60MB hb={"stage": "build_arb_tau:start", "ts": "2026-09-30 07:55:25", "age_s": 3188.9}
[2026-09-30 08:49:33] pid=2356 ACTIVE cpu=3021.6s(+58.3s) ws=68MB hb={"stage": "build_arb_tau:start", "ts": "2026-09-30 07:55:25", "age_s": 3248.9}
[2026-09-30 08:50:33] pid=2356 ACTIVE cpu=3079.4s(+57.8s) ws=77MB hb={"stage": "build_arb_tau:start", "ts": "2026-09-30 07:55:25", "age_s": 3308.9}
[2026-09-30 08:51:33] pid=2356 ACTIVE cpu=3137.1s(+57.7s) ws=78MB hb={"stage": "build_arb_tau:start", "ts": "2026-09-30 07:55:25", "age_s": 3368.9}
[2026-09-30 08:52:33] pid=2356 ACTIVE cpu=3194.0s(+56.9s) ws=87MB hb={"stage": "build_arb_tau:start", "ts": "2026-09-30 07:55:25", "age_s": 3428.9}
[2026-09-30 08:53:33] pid=2356 ACTIVE cpu=3252.7s(+58.7s) ws=90MB hb={"stage": "build_arb_tau:start", "ts": "2026-09-30 07:55:25", "age_s": 3488.9}
[2026-09-30 08:54:33] pid=2356 ACTIVE cpu=3310.4s(+57.8s) ws=88MB hb={"stage": "build_arb_tau:start", "ts": "2026-09-30 07:55:25", "age_s": 3548.9}
[2026-09-30 08:55:33] pid=2356 ACTIVE cpu=3362.1s(+51.7s) ws=82MB hb={"stage": "build_arb_tau:start", "ts": "2026-09-30 07:55:25", "age_s": 3608.9}
[2026-09-30 08:56:33] pid=2356 ACTIVE cpu=3417.6s(+55.5s) ws=71MB hb={"stage": "build_arb_tau:start", "ts": "2026-09-30 07:55:25", "age_s": 3668.9}
[2026-09-30 08:57:33] pid=2356 ACTIVE cpu=3477.5s(+59.9s) ws=66MB hb={"stage": "build_arb_tau:start", "ts": "2026-09-30 07:55:25", "age_s": 3728.9}
[2026-09-30 08:58:33] pid=2356 ACTIVE cpu=3537.5s(+60.0s) ws=67MB hb={"stage": "build_arb_tau:start", "ts": "2026-09-30 07:55:25", "age_s": 3788.9}
[2026-09-30 08:59:33] pid=2356 ACTIVE cpu=3597.4s(+59.9s) ws=75MB hb={"stage": "build_arb_tau:start", "ts": "2026-09-30 07:55:25", "age_s": 3848.9}
[2026-09-30 09:00:33] pid=2356 ACTIVE cpu=3656.7s(+59.3s) ws=78MB hb={"stage": "build_arb_tau:start", "ts": "2026-09-30 07:55:25", "age_s": 3908.9}
[2026-09-30 09:01:33] pid=2356 ACTIVE cpu=3713.8s(+57.1s) ws=86MB hb={"stage": "build_arb_tau:start", "ts": "2026-09-30 07:55:25", "age_s": 3968.9}
[2026-09-30 09:02:33] pid=2356 ACTIVE cpu=3770.8s(+57.0s) ws=93MB hb={"stage": "build_arb_tau:start", "ts": "2026-09-30 07:55:25", "age_s": 4028.9}
[2026-09-30 09:03:33] pid=2356 ACTIVE cpu=3829.9s(+59.0s) ws=97MB hb={"stage": "build_arb_tau:start", "ts": "2026-09-30 07:55:25", "age_s": 4088.9}
[2026-09-30 09:04:33] pid=2356 ACTIVE cpu=3887.8s(+57.9s) ws=102MB hb={"stage": "build_arb_tau:start", "ts": "2026-09-30 07:55:25", "age_s": 4148.9}
[2026-09-30 09:05:33] pid=2356 ACTIVE cpu=3947.0s(+59.2s) ws=95MB hb={"stage": "build_arb_tau:start", "ts": "2026-09-30 07:55:25", "age_s": 4208.9}
